Age,Attrition,BusinessTravel,DailyRate,Department,DistanceFromHome,Education,EducationField,EmployeeCount,EmployeeNumber,EnvironmentSatisfaction,Gender,HourlyRate,JobInvolvement,JobLevel,JobRole,JobSatisfaction,MaritalStatus,MonthlyIncome,MonthlyRate,NumCompaniesWorked,Over18,OverTime,PercentSalaryHike,PerformanceRating,RelationshipSatisfaction,StandardHours,StockOptionLevel,TotalWorkingYears,TrainingTimesLastYear,WorkLifeBalance,YearsAtCompany,YearsInCurrentRole,YearsSinceLastPromotion,YearsWithCurrManager
41,No,Travel_Rarely,1070,Sales,6,1,Human Resources,1,1,4,Male,43,3,2,Laboratory Technician,4,Single,7648,8014,1,Y,No,13,3,3,80,1,20,4,2,20,3,3,1
36,No,Travel_Rarely,734,Sales,6,3,Medical,1,2,3,Female,56,4,1,Manager,3,Married,5527,26262,1,Y,No,17,3,3,80,0,18,3,3,4,2,0,2
43,No,Travel_Rarely,282,Human Resources,14,4,Medical,1,3,4,Male,57,3,2,Research Scientist,2,Single,6443,16181,4,Y,No,14,3,3,80,1,23,2,3,3,2,2,0
51,Yes,Travel_Rarely,1332,Human Resources,25,3,Life Sciences,1,4,2,Male,91,3,1,Laboratory Technician,1,Married,5048,5356,9,Y,Yes,11,3,4,80,0,33,1,3,4,4,0,4
35,No,Travel_Rarely,700,Research & Development,7,3,Technical Degree,1,5,3,Female,73,1,2,Manufacturing Director,4,Single,7425,12208,1,Y,Yes,16,3,2,80,2,15,3,2,5,0,0,5
35,No,Travel_Rarely,205,Sales,17,5,Life Sciences,1,6,1,Male,58,3,2,Research Scientist,4,Married,6861,10296,0,Y,No,18,4,2,80,0,17,2,3,7,4,0,6
51,No,Travel_Frequently,842,Sales,13,4,Other,1,7,3,Female,67,4,2,Research Scientist,1,Divorced,7303,7426,4,Y,Yes,11,3,4,80,2,32,4,3,11,0,0,1
44,No,Travel_Rarely,1006,Research & Development,5,3,Medical,1,8,4,Male,97,3,1,Research Director,4,Married,6454,25341,2,Y,Yes,12,3,3,80,0,25,1,3,4,0,0,1
33,No,Travel_Rarely,487,Research & Development,9,3,Life Sciences,1,9,4,Female,38,3,2,Healthcare Representative,3,Married,6350,24033,8,Y,No,19,3,4,80,0,15,3,4,12,2,2,0
42,No,Travel_Rarely,1220,Sales,11,3,Other,1,10,3,Male,45,3,1,Laboratory Technician,3,Single,5114,7054,1,Y,No,16,3,3,80,0,23,3,3,5,0,0,3
33,Yes,Travel_Frequently,1038,Research & Development,1,2,Life Sciences,1,11,4,Male,97,3,2,Manufacturing Director,1,Single,6107,10864,0,Y,Yes,16,3,3,80,0,15,3,3,3,3,1,2
33,No,Travel_Rarely,1011,Sales,6,4,Medical,1,12,4,Male,97,1,2,Sales Executive,4,Married,6192,21079,2,Y,Yes,18,3,1,80,1,15,2,2,8,2,1,2
39,No,Travel_Rarely,690,Human Resources,29,3,Medical,1,13,2,Male,42,4,2,Manufacturing Director,1,Married,6404,7287,0,Y,No,16,3,4,80,3,18,4,3,9,0,0,7
20,No,Travel_Rarely,1446,Research & Development,10,4,Life Sciences,1,14,4,Female,40,4,2,Laboratory Technician,4,Married,5863,16827,1,Y,No,15,3,3,80,0,0,3,3,0,0,0,0
21,Yes,Travel_Rarely,485,Research & Development,5,4,Medical,1,15,2,Female,59,3,1,Laboratory Technician,1,Single,5201,19522,0,Y,Yes,18,3,3,80,0,2,2,3,0,0,0,0
32,No,Travel_Rarely,909,Research & Development,4,4,Medical,1,16,4,Male,33,2,2,Research Scientist,4,Single,5363,18381,1,Y,Yes,14,3,2,80,0,11,3,4,1,1,1,0
28,Yes,Travel_Frequently,534,Research & Development,3,3,Marketing,1,17,1,Male,76,3,2,Sales Executive,1,Single,5887,19687,0,Y,Yes,15,3,4,80,0,7,3,3,2,2,0,1
40,Yes,Travel_Rarely,1142,Sales,6,2,Life Sciences,1,18,2,Female,35,2,1,Sales Executive,2,Divorced,5429,19694,8,Y,Yes,17,4,2,80,0,22,5,3,2,2,2,0
29,No,Travel_Rarely,169,Sales,3,4,Other,1,19,3,Female,34,3,3,Research Director,2,Single,8492,26122,1,Y,Yes,13,3,1,80,2,9,4,3,8,5,3,2
24,Yes,Travel_Rarely,166,Research & Development,2,3,Life Sciences,1,20,2,Male,64,2,1,Research Scientist,1,Married,5071,10724,1,Y,Yes,19,4,4,80,0,6,2,3,0,0,0,0
50,No,Travel_Rarely,1235,Research & Development,5,3,Life Sciences,1,21,1,Male,97,3,3,Laboratory Technician,3,Single,9593,23975,6,Y,No,16,4,4,80,1,29,2,4,10,1,0,1
35,No,Travel_Rarely,709,Research & Development,9,2,Life Sciences,1,22,3,Male,60,3,1,Sales Executive,2,Married,4650,2637,3,Y,Yes,12,4,3,80,0,17,6,3,2,2,1,2
38,No,Travel_Rarely,579,Research & Development,2,2,Life Sciences,1,23,4,Female,55,3,1,Sales Executive,4,Married,5782,9272,2,Y,No,14,4,4,80,0,19,2,3,3,3,1,1
24,No,Travel_Rarely,951,Research & Development,1,4,Life Sciences,1,24,2,Male,100,3,1,Healthcare Representative,3,Divorced,2808,3306,3,Y,No,11,4,1,80,0,4,5,3,4,4,1,3
32,No,Travel_Rarely,1083,Sales,1,3,Other,1,25,4,Female,67,4,1,Laboratory Technician,3,Divorced,2965,18312,4,Y,Yes,15,3,1,80,0,11,3,2,2,2,1,1
38,No,Travel_Rarely,383,Research & Development,4,3,Life Sciences,1,26,4,Male,56,3,4,Laboratory Technician,2,Married,12632,4604,5,Y,Yes,14,3,3,80,0,17,0,3,15,10,3,2
27,No,Travel_Frequently,361,Research & Development,3,3,Life Sciences,1,27,3,Female,57,1,1,Research Scientist,3,Divorced,3874,23156,3,Y,No,12,3,2,80,0,9,2,3,1,1,1,1
40,Yes,Travel_Rarely,1441,Research & Development,8,3,Life Sciences,1,28,3,Male,44,3,1,Healthcare Representative,1,Divorced,5229,18197,6,Y,No,11,3,4,80,0,22,2,2,4,4,2,0
32,No,Travel_Rarely,926,Research & Development,6,4,Marketing,1,29,1,Male,66,2,2,Sales Executive,4,Divorced,7155,2812,2,Y,No,13,3,4,80,2,14,4,3,13,2,1,2
34,No,Travel_Rarely,647,Sales,5,4,Technical Degree,1,30,2,Male,61,2,2,Sales Executive,2,Divorced,7158,19896,1,Y,No,14,3,2,80,0,16,2,3,7,3,3,6
32,No,Travel_Rarely,1222,Research & Development,17,3,Life Sciences,1,31,2,Female,49,3,1,Laboratory Technician,4,Single,5388,23563,5,Y,No,14,3,4,80,1,11,2,4,2,0,0,2
54,Yes,Travel_Rarely,836,Research & Development,7,1,Life Sciences,1,32,1,Male,41,3,1,Research Scientist,2,Married,7430,18559,2,Y,No,11,4,1,80,0,36,5,1,4,1,1,1
37,No,Travel_Rarely,440,Research & Development,2,3,Life Sciences,1,33,3,Male,52,1,2,Research Scientist,4,Single,5726,2854,6,Y,No,15,3,3,80,2,16,1,3,9,4,4,2
27,No,Non-Travel,391,Sales,4,3,Life Sciences,1,34,2,Male,66,3,2,Manufacturing Director,1,Single,7335,23460,0,Y,Yes,12,3,4,80,0,9,3,3,9,4,3,3
44,No,Travel_Frequently,656,Sales,29,3,Life Sciences,1,35,3,Male,34,3,2,Manufacturing Director,1,Divorced,7929,20336,1,Y,Yes,18,3,4,80,0,24,2,2,16,0,0,7
26,No,Travel_Rarely,1303,Sales,29,4,Medical,1,36,3,Female,41,3,2,Manager,3,Married,6382,11519,7,Y,No,18,3,2,80,3,6,0,3,3,2,2,0
39,No,Travel_Frequently,188,Sales,4,2,Life Sciences,1,37,4,Female,96,4,3,Research Scientist,4,Married,9418,10279,1,Y,No,14,4,2,80,0,21,1,3,21,0,0,0
19,Yes,Travel_Frequently,407,Research & Development,3,4,Medical,1,38,1,Female,68,2,1,Sales Executive,3,Divorced,2094,14044,7,Y,No,20,3,2,80,1,1,2,3,0,0,0,0
25,Yes,Travel_Rarely,1350,Research & Development,7,2,Life Sciences,1,39,1,Male,34,3,1,Research Scientist,1,Divorced,4112,23689,8,Y,Yes,15,3,3,80,1,6,1,3,0,0,0,0
39,No,Travel_Frequently,272,Research & Development,7,4,Other,1,40,3,Female,79,2,2,Human Resources,3,Divorced,6347,8372,5,Y,No,11,3,3,80,0,19,2,4,12,0,0,1
44,No,Travel_Rarely,982,Research & Development,6,3,Human Resources,1,41,1,Male,34,2,1,Laboratory Technician,4,Single,4752,4609,2,Y,Yes,19,3,1,80,3,23,3,2,2,2,2,1
39,No,Travel_Rarely,400,Research & Development,8,4,Medical,1,42,4,Male,82,4,1,Healthcare Representative,1,Single,4930,23628,3,Y,No,20,3,3,80,2,19,3,3,0,0,0,0
36,No,Travel_Rarely,948,Sales,3,1,Life Sciences,1,43,3,Male,82,3,1,Sales Executive,1,Married,5660,2749,5,Y,Yes,18,3,4,80,2,15,2,3,2,1,1,0
34,No,Travel_Rarely,637,Research & Development,2,3,Life Sciences,1,44,3,Male,76,3,1,Laboratory Technician,4,Single,5310,24782,4,Y,Yes,13,3,3,80,3,16,2,3,4,4,1,4
24,No,Travel_Rarely,244,Research & Development,9,4,Medical,1,45,2,Female,81,3,2,Sales Executive,4,Single,6270,9709,2,Y,Yes,11,3,2,80,0,4,1,2,4,2,1,0
31,No,Travel_Rarely,916,Sales,25,3,Marketing,1,46,2,Female,36,3,3,Laboratory Technician,4,Married,7923,14751,9,Y,No,14,4,4,80,0,11,2,3,7,3,3,1
33,No,Non-Travel,1056,Sales,2,4,Medical,1,47,3,Female,81,4,1,Research Director,4,Divorced,5221,5389,3,Y,Yes,22,3,2,80,1,14,2,3,2,1,1,1
47,Yes,Non-Travel,1052,Research & Development,12,4,Technical Degree,1,48,1,Male,40,4,2,Research Director,1,Married,7681,24565,9,Y,No,11,3,4,80,0,28,5,3,5,1,1,5
40,Yes,Travel_Frequently,992,Research & Development,6,3,Other,1,49,1,Male,54,1,4,Laboratory Technician,3,Single,11559,20769,0,Y,Yes,17,3,2,80,0,20,2,3,18,2,2,4
21,No,Travel_Frequently,801,Research & Development,4,3,Life Sciences,1,50,3,Male,96,4,2,Laboratory Technician,3,Married,6237,25110,0,Y,No,15,3,3,80,1,1,2,2,1,0,0,1
40,No,Non-Travel,828,Sales,18,3,Medical,1,51,1,Male,65,3,2,Research Director,4,Single,7328,19110,2,Y,No,18,4,3,80,3,20,3,3,3,3,1,0
34,No,Travel_Rarely,990,Research & Development,6,3,Life Sciences,1,52,4,Male,98,3,2,Manufacturing Director,4,Single,5999,6694,1,Y,No,11,3,3,80,0,13,3,3,13,1,1,5
31,No,Travel_Rarely,1066,Research & Development,9,3,Life Sciences,1,53,2,Male,36,3,3,Sales Executive,4,Married,8658,9771,4,Y,No,14,4,3,80,2,13,5,4,9,2,2,2
43,Yes,Travel_Rarely,1017,Sales,6,4,Medical,1,54,1,Male,63,4,1,Laboratory Technician,2,Married,5914,14219,0,Y,Yes,12,3,2,80,0,24,2,1,0,0,0,0
46,Yes,Travel_Frequently,922,Research & Development,2,3,Life Sciences,1,55,2,Male,34,2,1,Research Scientist,1,Married,6135,17218,9,Y,Yes,12,3,3,80,0,28,0,3,0,0,0,0
45,No,Travel_Rarely,320,Sales,9,2,Technical Degree,1,56,2,Female,74,3,1,Laboratory Technician,2,Single,5499,25167,1,Y,No,17,3,3,80,2,26,2,2,1,1,1,1
29,No,Travel_Frequently,396,Research & Development,6,2,Life Sciences,1,57,1,Female,36,2,2,Laboratory Technician,3,Divorced,5876,11656,1,Y,No,12,3,2,80,3,10,1,3,9,9,1,5
34,Yes,Travel_Rarely,466,Sales,2,1,Medical,1,58,1,Female,42,3,1,Laboratory Technician,2,Married,5258,19604,1,Y,Yes,16,3,4,80,0,15,2,2,1,1,1,1
40,No,Travel_Rarely,1387,Sales,9,3,Medical,1,59,2,Female,48,4,1,Research Scientist,4,Married,4714,26028,2,Y,Yes,15,3,4,80,0,20,4,3,5,1,1,5
46,No,Travel_Frequently,1163,Sales,1,4,Marketing,1,60,2,Male,82,3,2,Sales Executive,2,Married,7559,5889,0,Y,No,12,3,4,80,0,27,3,3,1,1,1,1
33,No,Travel_Rarely,874,Sales,3,4,Life Sciences,1,61,4,Female,41,1,1,Laboratory Technician,1,Divorced,5469,23580,0,Y,No,13,3,3,80,2,15,1,2,15,11,3,2
35,No,Travel_Rarely,454,Research & Development,15,2,Technical Degree,1,62,4,Female,89,3,2,Manager,3,Married,7233,12572,3,Y,Yes,16,3,1,80,0,16,1,2,3,1,1,0
27,No,Travel_Rarely,257,Sales,1,5,Medical,1,63,2,Male,39,3,1,Manufacturing Director,4,Married,3594,20335,1,Y,No,15,3,3,80,0,9,5,3,9,1,1,6
26,Yes,Travel_Rarely,1358,Research & Development,10,3,Medical,1,64,1,Male,32,3,1,Research Scientist,2,Divorced,4599,9405,1,Y,No,15,3,4,80,1,7,2,3,7,1,1,1
44,No,Travel_Rarely,1349,Sales,28,5,Life Sciences,1,65,3,Female,58,2,2,Research Director,4,Married,9226,10412,4,Y,No,14,3,1,80,0,25,5,3,0,0,0,0
49,No,Travel_Rarely,257,Research & Development,3,4,Medical,1,66,4,Male,99,3,2,Sales Representative,3,Married,8460,2770,0,Y,Yes,14,3,3,80,0,29,3,2,4,4,0,1
36,No,Travel_Rarely,1216,Research & Development,6,4,Technical Degree,1,67,4,Male,38,4,1,Sales Executive,1,Married,5020,26287,1,Y,Yes,15,3,3,80,2,18,6,3,0,0,0,0
46,No,Travel_Rarely,726,Sales,9,2,Medical,1,68,1,Male,37,3,4,Sales Executive,1,Married,12406,22353,0,Y,Yes,19,3,2,80,3,27,4,2,17,10,2,0
40,No,Travel_Frequently,555,Human Resources,6,2,Technical Degree,1,69,3,Male,83,3,1,Healthcare Representative,4,Single,7239,4433,1,Y,No,17,3,3,80,3,21,2,3,5,4,3,1
31,Yes,Travel_Rarely,1135,Sales,10,1,Medical,1,70,4,Male,52,3,2,Manager,2,Married,7331,26987,3,Y,Yes,15,3,4,80,0,13,3,3,1,1,0,1
40,No,Travel_Rarely,960,Research & Development,6,4,Life Sciences,1,71,4,Male,80,2,1,Research Director,4,Divorced,4095,17162,0,Y,No,12,4,4,80,3,21,2,3,1,0,0,0
51,Yes,Travel_Frequently,1192,Research & Development,2,3,Life Sciences,1,72,1,Male,44,3,1,Sales Representative,3,Divorced,6693,23356,5,Y,No,14,4,2,80,1,30,2,3,3,3,3,2
37,No,Travel_Rarely,206,Research & Development,2,4,Life Sciences,1,73,3,Male,62,3,3,Manufacturing Director,2,Married,9839,3754,6,Y,No,12,4,3,80,0,17,2,3,17,1,1,0
51,No,Travel_Frequently,547,Research & Development,13,3,Marketing,1,74,2,Female,49,2,2,Laboratory Technician,2,Married,6589,11793,0,Y,No,13,3,2,80,1,33,2,2,8,1,1,1
18,Yes,Travel_Rarely,548,Research & Development,3,4,Technical Degree,1,75,1,Male,62,2,1,Sales Executive,1,Single,4550,18772,9,Y,No,11,3,3,80,0,0,1,4,0,0,0,0
44,No,Travel_Rarely,563,Sales,18,2,Life Sciences,1,76,3,Male,84,3,1,Research Scientist,3,Divorced,5478,4745,1,Y,No,15,3,4,80,1,23,1,3,3,3,0,1
38,Yes,Travel_Rarely,804,Sales,13,2,Medical,1,77,1,Male,83,2,2,Laboratory Technician,3,Divorced,8012,14270,0,Y,Yes,21,3,3,80,1,17,2,2,0,0,0,0
34,No,Non-Travel,497,Research & Development,1,3,Medical,1,78,4,Female,66,3,2,Manufacturing Director,4,Married,6583,13119,0,Y,No,16,3,4,80,1,13,5,2,13,7,1,2
38,Yes,Travel_Frequently,723,Research & Development,3,3,Medical,1,79,4,Male,95,3,1,Laboratory Technician,2,Divorced,5675,7474,1,Y,No,17,3,3,80,0,20,3,2,0,0,0,0
19,Yes,Travel_Rarely,616,Research & Development,4,3,Life Sciences,1,80,4,Male,48,1,1,Healthcare Representative,2,Married,4088,9572,2,Y,Yes,18,3,3,80,1,0,2,1,0,0,0,0
35,Yes,Travel_Rarely,1129,Research & Development,9,4,Life Sciences,1,81,2,Female,47,3,3,Research Scientist,1,Married,9331,26180,1,Y,Yes,14,3,4,80,0,17,2,3,3,3,1,0
40,Yes,Travel_Frequently,945,Research & Development,16,2,Life Sciences,1,82,1,Female,73,3,2,Laboratory Technician,2,Single,7718,9283,5,Y,Yes,14,3,4,80,3,22,2,3,0,0,0,0
50,No,Travel_Rarely,1015,Research & Development,2,3,Life Sciences,1,83,2,Male,73,1,1,Sales Executive,3,Married,5561,7409,3,Y,No,11,3,3,80,1,31,3,4,8,2,2,2
32,No,Travel_Frequently,396,Research & Development,4,4,Life Sciences,1,84,3,Female,33,2,3,Research Scientist,4,Married,8310,15448,1,Y,No,16,3,4,80,0,14,4,2,14,7,2,1
30,No,Travel_Rarely,557,Research & Development,5,2,Life Sciences,1,85,3,Male,73,3,2,Healthcare Representative,3,Married,6315,18804,3,Y,No,15,4,4,80,0,9,2,3,9,9,1,3
32,No,Travel_Frequently,132,Research & Development,3,5,Medical,1,86,3,Male,56,3,2,Healthcare Representative,4,Married,7704,20152,7,Y,Yes,12,3,4,80,1,14,3,3,1,1,1,1
45,No,Travel_Rarely,253,Sales,8,5,Life Sciences,1,87,3,Male,82,3,1,Human Resources,2,Divorced,6347,20879,0,Y,No,18,3,4,80,1,27,3,2,1,1,1,1
40,No,Travel_Rarely,472,Sales,7,2,Other,1,88,3,Male,87,2,1,Research Scientist,1,Single,4874,3011,1,Y,Yes,13,3,2,80,1,20,0,4,6,0,0,6
32,No,Travel_Rarely,193,Research & Development,4,3,Life Sciences,1,89,2,Female,69,3,3,Laboratory Technician,2,Married,7544,11901,2,Y,No,24,3,3,80,0,11,2,3,7,2,0,0
42,No,Non-Travel,944,Sales,8,3,Life Sciences,1,90,3,Male,30,3,1,Research Scientist,2,Married,6244,21369,2,Y,No,16,3,3,80,1,24,3,3,9,0,0,1
38,No,Travel_Rarely,1496,Research & Development,5,4,Life Sciences,1,91,3,Male,75,3,1,Laboratory Technician,3,Married,4940,24629,2,Y,Yes,15,3,3,80,0,19,3,3,1,1,1,1
46,No,Travel_Rarely,243,Research & Development,5,3,Life Sciences,1,92,4,Female,82,2,3,Sales Representative,2,Married,10243,17092,1,Y,No,21,3,4,80,1,28,0,4,22,0,0,0
31,No,Travel_Rarely,1249,Research & Development,4,4,Technical Degree,1,93,3,Female,47,2,2,Manufacturing Director,4,Single,6595,3397,3,Y,Yes,11,3,1,80,3,13,2,3,7,2,0,5
34,No,Travel_Rarely,268,Research & Development,8,4,Life Sciences,1,94,1,Male,63,3,2,Sales Representative,4,Single,7888,11972,3,Y,Yes,14,3,2,80,1,14,3,2,13,0,0,4
33,No,Travel_Frequently,1038,Human Resources,6,2,Other,1,95,3,Female,98,2,1,Sales Executive,2,Married,4170,3943,2,Y,No,14,3,4,80,0,12,2,2,5,5,0,2
24,No,Travel_Frequently,1000,Research & Development,3,4,Human Resources,1,96,3,Male,51,2,1,Sales Representative,4,Married,5191,20736,0,Y,Yes,14,3,1,80,3,3,4,3,3,1,1,2
40,No,Travel_Rarely,1363,Research & Development,1,4,Medical,1,97,1,Female,46,3,2,Sales Executive,3,Single,8067,3676,2,Y,No,16,4,2,80,0,21,0,3,21,1,1,0
39,Yes,Non-Travel,261,Research & Development,2,3,Medical,1,98,4,Female,45,3,1,Sales Representative,1,Married,5048,6720,1,Y,Yes,14,3,2,80,1,20,2,3,6,6,5,2
37,No,Travel_Frequently,543,Research & Development,1,5,Medical,1,99,2,Female,69,3,3,Research Scientist,4,Married,8137,12478,2,Y,Yes,19,4,4,80,1,18,2,2,14,4,4,5
35,No,Travel_Frequently,229,Research & Development,6,4,Life Sciences,1,100,3,Male,96,3,2,Research Scientist,1,Married,8502,13616,6,Y,Yes,16,3,3,80,0,17,5,4,17,1,1,3
24,No,Travel_Rarely,671,Research & Development,3,2,Medical,1,101,4,Male,73,3,3,Laboratory Technician,4,Divorced,7158,12217,2,Y,No,16,3,4,80,0,6,4,3,6,0,0,1
33,No,Travel_Frequently,1375,Research & Development,6,3,Life Sciences,1,102,3,Male,51,3,2,Research Director,2,Single,6965,13635,0,Y,Yes,16,3,2,80,0,14,4,3,6,4,0,3
34,No,Travel_Rarely,1194,Research & Development,5,3,Life Sciences,1,103,3,Male,75,4,1,Sales Executive,2,Single,5116,19857,1,Y,No,11,4,4,80,2,13,2,1,0,0,0,0
30,No,Travel_Rarely,1112,Research & Development,8,2,Medical,1,104,1,Male,74,3,1,Research Scientist,3,Married,4528,11291,4,Y,No,16,3,2,80,2,9,4,4,0,0,0,0
36,No,Travel_Frequently,847,Research & Development,13,5,Medical,1,105,1,Female,72,3,1,Sales Representative,4,Married,5785,15736,4,Y,No,16,4,2,80,0,17,4,3,2,2,2,2
41,No,Travel_Rarely,1336,Research & Development,7,2,Human Resources,1,106,3,Male,41,3,2,Research Scientist,1,Married,6536,9649,2,Y,No,12,3,3,80,0,21,2,3,1,1,1,1
54,Yes,Travel_Rarely,730,Research & Development,2,4,Life Sciences,1,107,3,Male,74,4,2,Sales Executive,1,Divorced,9786,10901,1,Y,Yes,18,3,1,80,2,33,6,4,2,2,2,2
39,No,Travel_Frequently,311,Research & Development,1,3,Technical Degree,1,108,2,Female,60,1,1,Laboratory Technician,3,Divorced,4580,17381,2,Y,No,11,3,3,80,1,18,4,4,3,3,2,3
39,Yes,Travel_Frequently,1272,Research & Development,3,1,Life Sciences,1,109,4,Male,31,3,3,Research Scientist,1,Divorced,8885,14310,2,Y,Yes,23,3,2,80,0,20,5,2,3,3,2,0
36,No,Travel_Rarely,493,Research & Development,6,5,Life Sciences,1,110,2,Female,68,3,2,Sales Representative,3,Married,5649,20101,9,Y,No,15,3,2,80,0,15,4,4,4,0,0,4
20,No,Travel_Frequently,177,Research & Development,1,4,Life Sciences,1,111,3,Male,99,3,1,Healthcare Representative,4,Married,4797,16054,3,Y,No,12,3,4,80,0,2,3,3,1,1,0,1
37,No,Travel_Rarely,278,Research & Development,5,3,Life Sciences,1,112,3,Male,54,3,1,Laboratory Technician,4,Married,6830,22107,3,Y,Yes,17,3,3,80,1,19,5,1,0,0,0,0
38,No,Travel_Rarely,953,Research & Development,21,3,Life Sciences,1,113,3,Male,98,3,2,Human Resources,4,Single,8567,13137,2,Y,No,17,3,4,80,1,17,2,2,8,2,0,6
59,No,Travel_Frequently,950,Sales,2,2,Medical,1,114,3,Male,37,1,3,Laboratory Technician,4,Married,11508,14323,1,Y,No,21,3,4,80,0,40,4,3,5,5,0,2
35,No,Travel_Rarely,465,Research & Development,28,3,Technical Degree,1,115,2,Female,81,3,3,Sales Executive,4,Single,8303,18780,4,Y,Yes,20,3,2,80,2,15,2,3,4,1,1,4
40,No,Travel_Rarely,1118,Research & Development,18,3,Medical,1,116,4,Male,38,3,2,Research Scientist,4,Divorced,7121,7604,2,Y,No,11,3,3,80,0,19,3,3,7,7,1,1
37,No,Travel_Rarely,1183,Research & Development,17,3,Medical,1,117,3,Male,49,3,3,Laboratory Technician,1,Married,8582,11706,9,Y,No,14,3,3,80,1,18,4,2,12,3,1,1
26,No,Travel_Rarely,1388,Research & Development,19,5,Technical Degree,1,118,3,Male,70,1,1,Sales Executive,3,Married,3469,17656,2,Y,No,12,3,4,80,0,8,3,3,4,4,4,3
47,No,Travel_Rarely,919,Research & Development,2,3,Marketing,1,119,3,Male,71,3,1,Research Director,4,Married,5724,2813,0,Y,No,17,4,4,80,1,27,4,3,7,4,0,6
44,No,Travel_Frequently,1191,Research & Development,2,5,Medical,1,120,1,Female,84,4,2,Healthcare Representative,3,Single,8247,12977,3,Y,No,19,3,3,80,0,24,2,3,21,0,0,7
44,No,Travel_Frequently,1154,Sales,2,4,Life Sciences,1,121,4,Male,73,1,3,Research Scientist,4,Single,8786,17008,0,Y,No,11,4,1,80,0,26,2,4,13,1,0,3
29,Yes,Travel_Rarely,462,Research & Development,2,3,Human Resources,1,122,3,Female,72,1,2,Laboratory Technician,1,Married,4495,26186,1,Y,No,15,3,3,80,2,9,0,3,4,2,1,2
50,No,Travel_Frequently,535,Research & Development,5,4,Medical,1,123,3,Female,94,3,2,Healthcare Representative,4,Single,6918,23936,1,Y,Yes,13,3,4,80,0,29,1,2,7,1,1,1
24,No,Travel_Rarely,770,Sales,17,3,Life Sciences,1,124,4,Male,62,3,1,Research Director,4,Married,4775,9086,3,Y,No,18,3,4,80,1,4,3,3,1,1,1,1
42,No,Travel_Rarely,129,Sales,4,4,Life Sciences,1,125,4,Female,46,3,3,Sales Representative,1,Divorced,7945,14726,2,Y,No,16,3,4,80,3,24,3,4,6,2,1,1
57,No,Travel_Frequently,517,Research & Development,4,3,Technical Degree,1,126,3,Male,41,3,5,Laboratory Technician,1,Divorced,13582,3499,0,Y,Yes,19,3,3,80,1,37,2,2,28,9,0,4
28,Yes,Travel_Rarely,764,Research & Development,11,2,Life Sciences,1,127,4,Male,58,2,1,Healthcare Representative,2,Married,4293,8090,2,Y,Yes,14,3,1,80,0,10,2,4,5,2,1,2
32,No,Travel_Rarely,253,Sales,2,4,Other,1,128,2,Male,80,3,1,Laboratory Technician,4,Single,5126,21392,1,Y,No,15,3,4,80,0,14,2,1,14,5,0,3
38,No,Travel_Rarely,278,Human Resources,5,3,Life Sciences,1,129,3,Female,33,3,2,Laboratory Technician,3,Divorced,7228,5165,6,Y,No,16,3,4,80,2,18,3,3,4,4,1,2
32,No,Travel_Rarely,749,Research & Development,4,5,Technical Degree,1,130,1,Female,39,4,3,Sales Executive,4,Divorced,8840,8512,2,Y,No,14,3,1,80,0,14,3,3,14,6,2,10
23,Yes,Travel_Frequently,1123,Human Resources,18,5,Life Sciences,1,131,1,Male,37,4,1,Sales Executive,3,Single,4081,25605,3,Y,Yes,16,3,1,80,1,5,1,3,5,1,0,3
38,No,Travel_Rarely,1267,Research & Development,8,2,Medical,1,132,1,Female,71,3,2,Laboratory Technician,4,Married,6364,22612,1,Y,No,19,3,3,80,1,19,3,3,0,0,0,0
27,No,Travel_Rarely,865,Research & Development,10,3,Human Resources,1,133,2,Male,47,3,1,Research Scientist,3,Single,5001,21565,4,Y,No,21,4,4,80,1,6,2,3,6,1,1,0
41,No,Travel_Rarely,765,Research & Development,2,3,Medical,1,134,1,Male,42,3,1,Sales Executive,2,Divorced,4229,23626,3,Y,Yes,14,3,3,80,1,23,3,3,2,2,1,2
29,Yes,Travel_Rarely,639,Research & Development,25,4,Medical,1,135,3,Male,71,3,1,Healthcare Representative,1,Divorced,5065,20763,6,Y,Yes,21,3,1,80,0,8,1,3,0,0,0,0
51,No,Travel_Rarely,372,Research & Development,5,4,Life Sciences,1,136,2,Female,83,2,1,Sales Executive,4,Single,7275,5097,0,Y,No,13,3,3,80,1,32,6,3,12,5,5,4
30,No,Travel_Rarely,307,Sales,12,3,Life Sciences,1,137,4,Female,53,4,1,Laboratory Technician,2,Divorced,6549,14959,1,Y,Yes,18,3,2,80,1,11,1,3,2,2,1,2
34,Yes,Travel_Frequently,1208,Research & Development,29,3,Life Sciences,1,138,1,Male,70,3,3,Laboratory Technician,1,Married,7997,13158,3,Y,Yes,14,3,2,80,0,15,3,3,11,2,2,0
44,No,Non-Travel,752,Sales,7,4,Marketing,1,139,2,Male,37,1,1,Research Director,1,Divorced,5352,9843,0,Y,No,12,3,3,80,0,25,2,3,2,2,1,0
26,No,Travel_Rarely,1206,Sales,7,2,Life Sciences,1,140,3,Male,95,3,1,Laboratory Technician,2,Married,4243,22866,1,Y,No,19,3,4,80,1,5,1,3,2,0,0,2
39,No,Travel_Rarely,1086,Sales,2,4,Life Sciences,1,141,3,Male,54,3,3,Sales Executive,4,Divorced,8903,13653,7,Y,Yes,15,3,3,80,1,19,0,1,19,2,1,0
49,No,Travel_Rarely,373,Sales,5,3,Medical,1,142,1,Male,100,2,1,Laboratory Technician,3,Single,6788,3596,1,Y,No,19,3,3,80,1,29,2,3,3,3,1,3
23,Yes,Non-Travel,815,Human Resources,18,5,Medical,1,143,4,Female,99,1,1,Manager,3,Married,4378,8942,9,Y,Yes,17,3,3,80,2,2,4,2,2,0,0,1
39,No,Non-Travel,722,Sales,2,3,Marketing,1,144,2,Male,85,3,2,Human Resources,4,Single,6998,7788,0,Y,No,16,3,3,80,1,21,0,3,7,3,1,2
39,No,Travel_Rarely,694,Research & Development,23,2,Life Sciences,1,145,3,Male,31,4,2,Laboratory Technician,3,Divorced,6962,24197,3,Y,No,17,3,2,80,2,18,3,2,6,1,1,0
44,No,Travel_Frequently,860,Research & Development,11,3,Life Sciences,1,146,2,Male,68,4,4,Research Scientist,4,Divorced,12027,18218,2,Y,Yes,18,3,3,80,1,26,3,1,17,6,2,2
26,No,Travel_Rarely,1474,Research & Development,6,2,Other,1,147,4,Female,36,3,1,Sales Representative,2,Divorced,3427,16050,2,Y,No,18,3,2,80,0,8,2,3,8,1,0,1
25,No,Travel_Rarely,1238,Sales,8,5,Life Sciences,1,148,3,Female,93,3,2,Sales Executive,4,Divorced,5813,14712,9,Y,No,14,3,4,80,0,5,1,3,4,1,1,0
42,No,Travel_Rarely,1364,Research & Development,2,1,Technical Degree,1,149,4,Male,85,3,1,Manufacturing Director,1,Single,6084,18285,0,Y,Yes,16,3,4,80,1,23,5,3,14,3,3,1
40,No,Travel_Rarely,143,Research & Development,3,4,Technical Degree,1,150,2,Female,98,3,2,Research Scientist,4,Married,6347,20894,6,Y,Yes,20,4,3,80,2,20,2,2,1,1,1,1
39,No,Travel_Rarely,298,Research & Development,4,3,Marketing,1,151,1,Male,73,3,2,Sales Executive,3,Single,4287,15901,3,Y,Yes,15,3,4,80,0,19,1,4,6,1,0,6
40,No,Travel_Rarely,220,Research & Development,5,3,Life Sciences,1,152,3,Male,67,3,1,Research Scientist,1,Single,6477,25462,1,Y,Yes,14,3,4,80,1,19,3,1,19,2,2,1
31,No,Travel_Rarely,470,Human Resources,23,2,Technical Degree,1,153,3,Male,66,3,1,Research Scientist,2,Single,4584,26422,6,Y,No,13,3,4,80,0,10,2,4,7,1,1,2
39,Yes,Travel_Rarely,719,Research & Development,5,4,Marketing,1,154,1,Male,57,1,1,Manufacturing Director,2,Married,4474,26883,1,Y,Yes,18,3,2,80,0,21,2,3,12,2,1,12
40,No,Travel_Rarely,999,Research & Development,8,3,Medical,1,155,2,Male,63,2,1,Research Director,1,Single,6056,18765,4,Y,Yes,14,3,4,80,1,19,0,2,7,3,1,5
31,No,Travel_Rarely,802,Research & Development,3,3,Life Sciences,1,156,4,Female,74,3,2,Research Scientist,3,Single,6473,25321,1,Y,No,16,3,3,80,0,13,6,3,13,3,3,13
54,No,Travel_Rarely,1364,Sales,13,5,Life Sciences,1,157,1,Female,95,4,3,Manager,4,Single,9452,12168,5,Y,No,14,3,4,80,1,36,2,4,20,3,3,10
41,No,Travel_Rarely,1415,Research & Development,8,3,Life Sciences,1,158,3,Female,72,4,2,Sales Executive,3,Single,7656,23502,3,Y,No,19,3,2,80,2,22,6,3,2,1,1,2
26,No,Travel_Rarely,330,Sales,6,3,Medical,1,159,3,Male,90,3,1,Laboratory Technician,3,Divorced,4401,24737,0,Y,Yes,15,3,4,80,3,7,2,2,1,0,0,1
43,No,Travel_Rarely,1294,Research & Development,27,3,Medical,1,160,3,Male,90,2,1,Sales Executive,1,Married,5149,24612,3,Y,No,19,4,3,80,0,23,2,3,5,4,4,0
28,Yes,Travel_Rarely,775,Research & Development,21,2,Life Sciences,1,161,1,Female,66,3,2,Research Director,1,Divorced,5704,22786,1,Y,Yes,19,4,4,80,1,9,5,3,8,6,0,2
44,No,Travel_Rarely,735,Research & Development,11,5,Medical,1,162,3,Male,54,3,1,Healthcare Representative,3,Married,5059,12220,1,Y,No,15,3,4,80,3,26,2,3,2,1,1,2
47,Yes,Travel_Rarely,1199,Research & Development,24,3,Life Sciences,1,163,1,Male,75,3,1,Manufacturing Director,4,Single,6468,6052,0,Y,Yes,19,3,2,80,0,26,2,4,0,0,0,0
30,No,Travel_Rarely,232,Research & Development,8,2,Medical,1,164,2,Male,61,1,1,Manager,4,Divorced,3681,10411,0,Y,No,14,3,2,80,0,11,1,2,3,2,1,3
46,No,Travel_Frequently,1335,Research & Development,17,3,Human Resources,1,165,3,Female,36,3,4,Manufacturing Director,2,Married,10722,21203,1,Y,Yes,16,3,4,80,3,27,5,3,24,2,2,4
41,No,Travel_Rarely,1039,Research & Development,6,3,Life Sciences,1,166,4,Male,56,1,3,Research Director,3,Single,9241,7894,2,Y,Yes,13,3,3,80,0,22,1,3,8,3,1,1
44,No,Travel_Rarely,1325,Research & Development,2,3,Life Sciences,1,167,1,Male,100,3,1,Healthcare Representative,3,Single,6967,14005,2,Y,No,17,4,3,80,3,25,3,4,4,0,0,4
54,No,Travel_Rarely,1491,Sales,29,4,Life Sciences,1,168,2,Female,33,3,1,Research Director,3,Single,6786,16175,2,Y,No,16,3,4,80,1,36,2,3,1,1,1,1
35,No,Travel_Rarely,826,Research & Development,3,2,Medical,1,169,3,Male,79,3,2,Laboratory Technician,3,Single,7431,17133,1,Y,No,17,4,4,80,0,17,1,3,3,0,0,1
30,No,Travel_Rarely,232,Research & Development,4,3,Marketing,1,170,2,Male,89,3,1,Sales Executive,4,Married,4682,25398,3,Y,No,11,3,2,80,0,10,0,3,1,1,1,1
29,Yes,Travel_Rarely,335,Sales,3,4,Other,1,171,3,Male,75,2,2,Laboratory Technician,1,Married,6965,18568,3,Y,Yes,11,3,3,80,0,8,5,3,1,1,0,1
30,No,Travel_Rarely,554,Research & Development,5,2,Life Sciences,1,172,4,Male,70,3,2,Sales Executive,4,Single,7950,21677,1,Y,No,12,3,4,80,0,10,3,3,10,2,2,4
36,No,Non-Travel,247,Sales,4,4,Other,1,173,4,Female,80,3,2,Laboratory Technician,1,Single,6530,16586,5,Y,No,16,3,4,80,1,16,3,4,16,0,0,2
40,No,Travel_Rarely,1241,Research & Development,9,2,Life Sciences,1,174,2,Male,60,3,1,Laboratory Technician,3,Divorced,5491,22854,3,Y,No,17,3,2,80,1,21,2,3,1,1,1,1
39,No,Travel_Rarely,517,Research & Development,29,4,Medical,1,175,3,Male,36,2,2,Manufacturing Director,4,Single,7179,8661,3,Y,No,18,3,1,80,1,18,2,3,0,0,0,0
44,No,Travel_Rarely,1465,Research & Development,1,3,Life Sciences,1,176,4,Female,97,3,2,Sales Executive,3,Married,8024,7321,1,Y,Yes,14,3,2,80,0,25,3,2,3,3,0,3
37,No,Non-Travel,1084,Sales,15,4,Human Resources,1,177,1,Female,60,2,3,Sales Executive,1,Divorced,9026,25164,0,Y,No,16,4,4,80,2,19,3,3,4,2,2,1
50,No,Travel_Frequently,344,Sales,2,2,Medical,1,178,3,Female,77,3,2,Laboratory Technician,2,Single,7565,19365,5,Y,No,13,4,3,80,1,30,3,3,2,1,0,0
35,Yes,Travel_Rarely,767,Sales,1,2,Medical,1,179,2,Male,67,2,1,Research Director,3,Single,4914,18818,4,Y,No,19,3,3,80,2,14,2,1,3,3,1,3
60,No,Travel_Frequently,754,Research & Development,10,2,Technical Degree,1,180,2,Male,34,3,2,Research Scientist,1,Married,10745,13732,0,Y,Yes,13,3,1,80,2,40,6,3,2,2,0,0
43,No,Travel_Rarely,790,Research & Development,20,2,Life Sciences,1,181,4,Female,97,3,2,Laboratory Technician,3,Single,7691,11476,1,Y,No,19,3,1,80,0,23,1,3,10,6,2,6
29,No,Travel_Frequently,850,Research & Development,3,3,Life Sciences,1,182,4,Female,85,3,2,Healthcare Representative,2,Married,4711,15933,3,Y,Yes,14,4,3,80,0,8,1,2,8,1,1,1
27,No,Travel_Frequently,146,Research & Development,5,3,Technical Degree,1,183,3,Male,40,2,1,Manufacturing Director,4,Divorced,4044,5097,3,Y,No,20,3,3,80,3,7,5,2,7,1,1,3
41,No,Travel_Rarely,1061,Research & Development,3,3,Life Sciences,1,184,4,Male,99,1,1,Research Scientist,1,Single,5411,13419,5,Y,No,16,3,3,80,1,20,3,3,3,3,3,3
35,No,Travel_Rarely,783,Human Resources,22,4,Life Sciences,1,185,3,Male,82,3,2,Research Scientist,3,Married,6688,13435,0,Y,No,15,3,1,80,0,15,2,3,15,2,2,0
43,No,Travel_Rarely,1207,Research & Development,4,4,Medical,1,186,4,Female,63,2,3,Sales Executive,3,Married,9265,15501,1,Y,No,13,3,2,80,1,24,3,3,24,0,0,3
41,No,Travel_Rarely,1241,Research & Development,6,3,Medical,1,187,2,Male,73,2,1,Research Director,3,Single,5709,17901,0,Y,No,22,3,4,80,0,21,2,3,1,1,1,1
36,Yes,Travel_Rarely,424,Research & Development,21,3,Life Sciences,1,188,2,Male,37,3,1,Sales Executive,2,Married,5487,25936,1,Y,Yes,18,3,2,80,0,16,0,2,2,2,2,2
29,No,Travel_Frequently,170,Sales,8,3,Life Sciences,1,189,2,Male,69,3,2,Research Scientist,3,Single,6447,18336,0,Y,Yes,17,3,4,80,1,8,3,2,5,0,0,2
23,No,Travel_Rarely,1084,Sales,25,3,Life Sciences,1,190,3,Female,35,3,2,Sales Executive,3,Married,6520,24103,6,Y,Yes,16,3,1,80,0,2,2,3,1,1,1,1
33,Yes,Travel_Rarely,1468,Research & Development,24,4,Medical,1,191,2,Female,68,2,1,Research Scientist,1,Single,3724,15949,2,Y,Yes,13,4,2,80,3,14,1,2,4,2,2,4
45,Yes,Travel_Frequently,726,Sales,7,3,Human Resources,1,192,1,Male,69,3,1,Manager,4,Married,5518,17708,5,Y,Yes,17,3,3,80,2,24,2,3,6,5,0,6
39,No,Travel_Rarely,465,Research & Development,9,1,Other,1,193,4,Female,91,3,1,Sales Executive,4,Single,5667,3833,0,Y,No,15,3,4,80,1,19,2,3,5,1,1,4
26,No,Travel_Rarely,321,Research & Development,3,4,Medical,1,194,4,Female,81,3,1,Sales Executive,1,Divorced,4405,5413,1,Y,Yes,15,3,2,80,0,5,0,4,3,3,3,1
39,No,Travel_Rarely,504,Research & Development,29,2,Life Sciences,1,195,3,Male,47,2,2,Laboratory Technician,3,Single,6518,16531,1,Y,No,18,3,3,80,0,18,4,2,5,1,1,5
40,No,Travel_Rarely,560,Research & Development,4,5,Human Resources,1,196,4,Male,92,3,4,Sales Executive,3,Married,10294,11949,1,Y,No,16,3,3,80,0,19,3,3,19,3,3,2
29,Yes,Travel_Rarely,694,Sales,15,4,Medical,1,197,4,Male,70,3,1,Sales Executive,1,Married,3927,21988,4,Y,Yes,15,3,1,80,1,10,2,3,2,0,0,0
38,No,Travel_Rarely,1018,Research & Development,4,2,Life Sciences,1,198,3,Female,72,1,1,Manager,2,Married,6101,15622,1,Y,Yes,19,4,2,80,0,19,3,1,7,4,2,1
38,No,Non-Travel,484,Research & Development,4,2,Other,1,199,3,Male,42,3,1,Healthcare Representative,4,Married,3918,24067,1,Y,No,13,3,4,80,1,20,4,2,0,0,0,0
27,No,Travel_Frequently,173,Human Resources,2,3,Marketing,1,200,4,Female,90,3,1,Sales Representative,3,Married,3415,26310,0,Y,Yes,11,3,2,80,0,8,3,3,0,0,0,0
40,No,Travel_Rarely,623,Research & Development,8,3,Marketing,1,201,3,Female,95,3,1,Sales Representative,4,Married,5815,5771,0,Y,No,13,3,4,80,3,21,2,3,6,2,2,1
42,No,Travel_Rarely,1297,Research & Development,4,3,Marketing,1,202,1,Male,84,2,1,Manufacturing Director,3,Divorced,6075,11927,4,Y,No,15,3,4,80,3,23,1,3,1,1,1,0
47,No,Travel_Rarely,798,Research & Development,2,4,Life Sciences,1,203,2,Female,96,3,2,Sales Executive,1,Single,6492,18655,1,Y,Yes,17,3,1,80,1,27,4,4,0,0,0,0
46,No,Travel_Rarely,1450,Research & Development,3,3,Life Sciences,1,204,3,Male,51,3,2,Manager,1,Married,8341,9702,3,Y,Yes,13,4,3,80,1,28,2,3,1,1,0,0
25,No,Travel_Rarely,806,Sales,4,3,Marketing,1,205,4,Male,90,3,1,Manager,4,Divorced,4344,8744,3,Y,Yes,25,3,2,80,0,5,0,3,5,5,4,1
29,No,Travel_Rarely,487,Research & Development,7,1,Life Sciences,1,206,3,Female,64,3,2,Manager,3,Divorced,6813,22360,0,Y,Yes,16,3,2,80,0,10,3,3,9,2,2,0
42,No,Travel_Frequently,372,Research & Development,5,4,Medical,1,207,4,Female,41,3,1,Laboratory Technician,1,Divorced,5698,26510,0,Y,Yes,15,3,1,80,2,23,1,3,2,2,1,0
42,No,Travel_Rarely,1072,Research & Development,2,2,Marketing,1,208,4,Male,77,3,3,Research Scientist,3,Married,9660,21366,4,Y,No,11,3,3,80,1,24,6,2,8,1,1,1
42,No,Travel_Rarely,851,Research & Development,8,4,Marketing,1,209,2,Female,78,3,1,Manager,4,Single,6088,15136,3,Y,Yes,11,3,4,80,0,24,4,3,1,1,1,1
60,No,Travel_Frequently,946,Research & Development,15,3,Medical,1,210,3,Female,50,2,1,Healthcare Representative,4,Married,7298,13115,1,Y,No,11,3,3,80,1,39,3,3,7,0,0,7
42,No,Travel_Rarely,1157,Research & Development,9,3,Technical Degree,1,211,2,Male,32,3,1,Human Resources,2,Married,5835,15534,0,Y,No,19,3,4,80,3,23,4,2,4,1,1,4
47,No,Travel_Rarely,1116,Research & Development,29,4,Technical Degree,1,212,3,Female,44,3,2,Sales Executive,2,Married,7772,13621,0,Y,No,19,4,1,80,0,28,2,2,7,4,1,6
46,No,Travel_Rarely,163,Sales,2,4,Medical,1,213,4,Male,58,1,4,Research Scientist,4,Married,11216,14618,1,Y,Yes,15,4,2,80,0,26,4,1,26,6,3,1
43,No,Travel_Rarely,1223,Research & Development,16,3,Life Sciences,1,214,3,Male,42,2,4,Sales Executive,4,Divorced,11144,7161,0,Y,Yes,11,3,2,80,3,22,3,3,19,5,3,1
34,Yes,Travel_Frequently,846,Sales,7,2,Life Sciences,1,215,4,Male,44,1,1,Manager,2,Married,5660,24602,1,Y,Yes,14,3,2,80,0,15,0,2,0,0,0,0
44,No,Travel_Rarely,649,Sales,8,4,Life Sciences,1,216,2,Female,57,3,2,Sales Executive,4,Divorced,9092,20886,1,Y,No,19,3,1,80,0,24,5,3,15,2,2,5
30,No,Travel_Frequently,853,Research & Development,8,3,Life Sciences,1,217,4,Female,97,3,2,Sales Executive,1,Married,6983,19054,0,Y,No,13,3,3,80,0,12,4,3,0,0,0,0
35,No,Non-Travel,958,Research & Development,5,2,Life Sciences,1,218,2,Male,83,4,3,Human Resources,1,Married,8902,25752,0,Y,Yes,12,3,4,80,2,15,5,3,15,1,1,2
33,Yes,Non-Travel,311,Research & Development,5,5,Life Sciences,1,219,3,Male,52,4,1,Sales Executive,1,Married,5892,9177,6,Y,Yes,14,3,4,80,2,14,3,3,2,2,0,1
38,No,Non-Travel,685,Sales,10,2,Medical,1,220,3,Female,97,3,2,Manager,1,Married,7357,4115,2,Y,Yes,14,3,1,80,0,18,2,3,3,3,1,1
58,Yes,Travel_Rarely,571,Research & Development,1,1,Human Resources,1,221,3,Male,75,3,1,Research Scientist,4,Single,5992,22669,7,Y,No,17,3,4,80,0,38,2,3,1,1,1,1
20,No,Travel_Rarely,592,Research & Development,9,1,Life Sciences,1,222,1,Female,62,3,1,Manager,3,Single,3213,26960,1,Y,No,11,3,4,80,0,0,1,3,0,0,0,0
43,No,Travel_Rarely,230,Research & Development,13,4,Marketing,1,223,2,Female,63,3,1,Laboratory Technician,2,Divorced,7023,16500,3,Y,No,16,4,3,80,0,22,1,3,9,6,1,5
22,No,Travel_Rarely,325,Research & Development,5,4,Marketing,1,224,3,Male,59,3,3,Sales Representative,4,Single,7149,3559,1,Y,No,13,3,1,80,0,4,2,2,4,1,1,3
33,No,Travel_Frequently,328,Research & Development,3,3,Life Sciences,1,225,3,Female,46,3,1,Research Director,4,Married,5216,21532,2,Y,No,13,3,4,80,0,12,3,2,7,1,0,6
47,No,Travel_Rarely,623,Research & Development,3,3,Other,1,226,3,Male,57,2,3,Sales Executive,1,Married,8769,3931,0,Y,Yes,17,3,3,80,0,27,3,3,9,5,2,3
38,No,Non-Travel,1352,Research & Development,2,3,Medical,1,227,3,Female,67,1,1,Sales Executive,3,Married,6187,15543,0,Y,No,11,3,4,80,3,17,2,3,10,2,2,9
27,No,Travel_Frequently,390,Sales,2,4,Life Sciences,1,228,4,Female,67,3,1,Research Scientist,4,Married,4072,9006,7,Y,Yes,16,3,3,80,0,8,2,2,2,2,2,1
31,No,Non-Travel,683,Research & Development,3,2,Marketing,1,229,4,Female,83,2,1,Manufacturing Director,4,Single,4746,24883,2,Y,No,16,3,3,80,0,11,2,3,0,0,0,0
43,Yes,Travel_Frequently,537,Research & Development,1,5,Life Sciences,1,230,2,Male,55,3,1,Sales Representative,4,Married,5457,13334,7,Y,No,17,3,2,80,0,23,3,4,0,0,0,0
30,No,Travel_Rarely,1202,Research & Development,4,3,Marketing,1,231,2,Female,80,4,2,Laboratory Technician,1,Married,6804,24470,1,Y,No,17,4,4,80,1,10,6,3,3,3,0,1
39,No,Travel_Rarely,172,Sales,4,5,Life Sciences,1,232,3,Male,70,2,2,Manufacturing Director,2,Married,7337,9543,1,Y,No,17,3,2,80,0,20,3,3,2,2,2,2
37,Yes,Travel_Rarely,377,Research & Development,29,2,Technical Degree,1,233,1,Male,97,3,2,Sales Executive,4,Single,7688,11741,1,Y,No,17,3,1,80,1,17,0,1,0,0,0,0
31,No,Travel_Rarely,396,Research & Development,29,4,Medical,1,234,2,Male,57,3,2,Manager,4,Married,6924,25682,3,Y,No,12,3,3,80,1,10,2,3,1,1,1,1
56,No,Travel_Rarely,1489,Research & Development,3,3,Medical,1,235,2,Male,93,3,1,Research Director,2,Single,6985,7108,2,Y,Yes,19,3,3,80,3,37,3,3,1,1,1,1
43,No,Travel_Frequently,899,Sales,3,2,Life Sciences,1,236,2,Male,87,4,2,Research Scientist,1,Single,7961,16502,6,Y,Yes,11,4,2,80,1,23,2,2,17,3,3,2
19,No,Travel_Frequently,296,Human Resources,7,4,Medical,1,237,3,Female,75,4,2,Laboratory Technician,4,Single,6160,11770,0,Y,No,16,3,3,80,0,0,5,4,0,0,0,0
39,No,Travel_Rarely,482,Research & Development,2,4,Marketing,1,238,3,Female,76,2,1,Sales Executive,2,Single,4922,21375,3,Y,No,13,3,3,80,0,18,0,3,5,5,5,3
31,Yes,Travel_Rarely,336,Research & Development,7,3,Medical,1,239,2,Male,36,1,2,Laboratory Technician,2,Divorced,6261,5314,1,Y,No,11,3,3,80,1,13,2,3,6,5,5,0
45,No,Travel_Rarely,276,Sales,6,4,Medical,1,240,4,Female,97,4,2,Laboratory Technician,2,Single,8762,12983,0,Y,Yes,13,3,1,80,0,24,2,4,5,1,1,2
30,No,Travel_Rarely,1216,Research & Development,5,3,Medical,1,241,4,Male,37,4,2,Sales Executive,3,Divorced,6885,19501,2,Y,No,15,3,3,80,0,9,3,3,1,1,0,0
36,No,Travel_Rarely,795,Research & Development,17,4,Human Resources,1,242,4,Female,69,3,2,Laboratory Technician,2,Divorced,7364,12231,2,Y,No,19,3,1,80,3,18,2,3,3,3,1,3
42,Yes,Travel_Rarely,984,Sales,17,3,Medical,1,243,3,Female,53,1,1,Research Scientist,3,Married,5079,3552,0,Y,Yes,20,3,2,80,2,24,1,2,0,0,0,0
45,Yes,Travel_Rarely,565,Sales,29,3,Technical Degree,1,244,1,Male,60,3,3,Laboratory Technician,1,Single,8049,19655,1,Y,Yes,15,3,4,80,2,26,2,3,4,1,0,2
26,No,Travel_Rarely,876,Research & Development,3,3,Technical Degree,1,245,1,Female,73,3,2,Laboratory Technician,4,Married,5766,14626,1,Y,Yes,11,3,2,80,2,5,2,1,1,1,0,1
34,No,Travel_Rarely,462,Sales,21,3,Medical,1,246,2,Male,94,4,2,Sales Executive,4,Divorced,6438,2376,1,Y,No,11,3,2,80,1,15,6,2,6,4,0,0
33,No,Travel_Rarely,532,Sales,8,5,Life Sciences,1,247,2,Male,62,3,1,Healthcare Representative,4,Married,4672,17352,1,Y,No,17,4,3,80,1,14,2,3,8,3,3,1
31,No,Travel_Rarely,1013,Research & Development,9,2,Life Sciences,1,248,4,Female,99,3,1,Healthcare Representative,4,Single,5362,25004,0,Y,No,17,3,2,80,0,11,1,1,5,2,1,2
53,No,Travel_Rarely,312,Research & Development,21,2,Technical Degree,1,249,4,Male,71,3,1,Research Scientist,3,Married,7742,4859,0,Y,No,13,3,2,80,3,34,2,3,4,4,1,1
41,No,Travel_Rarely,964,Sales,27,3,Life Sciences,1,250,4,Male,41,3,1,Sales Executive,2,Divorced,6448,16805,9,Y,Yes,11,3,3,80,0,22,2,3,3,3,0,1
26,Yes,Non-Travel,1293,Research & Development,13,4,Medical,1,251,3,Male,43,3,1,Healthcare Representative,1,Divorced,3875,20241,7,Y,No,18,3,4,80,1,7,3,3,7,3,3,7
45,Yes,Travel_Rarely,270,Sales,5,2,Technical Degree,1,252,3,Female,80,1,2,Research Director,1,Single,8111,3857,2,Y,Yes,11,3,4,80,0,26,2,2,2,2,1,2
56,No,Travel_Rarely,1356,Sales,7,3,Life Sciences,1,253,4,Male,34,3,3,Research Scientist,2,Married,10050,2657,9,Y,Yes,14,3,3,80,0,38,3,2,9,1,1,6
46,No,Travel_Frequently,213,Sales,10,5,Medical,1,254,4,Male,64,3,2,Research Scientist,3,Single,6127,13655,3,Y,Yes,16,4,3,80,1,25,5,3,10,6,2,8
23,No,Travel_Rarely,589,Research & Development,17,3,Life Sciences,1,255,3,Female,40,3,4,Sales Executive,4,Single,9379,21799,0,Y,No,11,3,4,80,0,3,2,3,3,3,2,1
33,No,Non-Travel,955,Sales,11,4,Life Sciences,1,256,1,Female,60,4,2,Laboratory Technician,3,Divorced,7809,6097,0,Y,No,18,3,2,80,1,15,4,1,2,2,1,1
48,No,Travel_Rarely,884,Sales,5,4,Technical Degree,1,257,2,Male,82,3,1,Sales Executive,3,Single,5772,22930,6,Y,No,22,3,1,80,1,28,5,3,4,2,2,1
31,No,Travel_Rarely,237,Research & Development,6,3,Life Sciences,1,258,3,Male,62,3,2,Research Scientist,4,Single,7147,18446,2,Y,No,15,3,3,80,1,11,2,3,1,1,1,1
41,Yes,Travel_Rarely,1218,Research & Development,1,5,Life Sciences,1,259,2,Male,41,3,1,Healthcare Representative,1,Single,5108,10367,5,Y,No,15,3,3,80,0,23,1,2,0,0,0,0
44,No,Travel_Rarely,1461,Sales,24,4,Technical Degree,1,260,4,Male,48,3,1,Laboratory Technician,4,Divorced,6351,14941,6,Y,No,15,4,4,80,0,25,4,3,1,1,1,1
29,No,Travel_Rarely,355,Research & Development,2,3,Life Sciences,1,261,3,Male,56,3,1,Research Scientist,3,Divorced,4485,26142,1,Y,No,16,3,2,80,2,11,3,3,1,1,0,1
36,No,Travel_Rarely,1352,Sales,9,3,Other,1,262,3,Female,35,3,1,Laboratory Technician,2,Married,6299,7484,0,Y,No,13,3,2,80,0,16,2,4,5,2,2,2
18,Yes,Travel_Rarely,880,Research & Development,19,4,Other,1,263,1,Female,71,4,1,Laboratory Technician,4,Married,3549,14535,1,Y,Yes,12,3,4,80,0,0,2,2,0,0,0,0
28,No,Travel_Rarely,1409,Research & Development,6,3,Life Sciences,1,264,3,Female,73,3,1,Sales Executive,3,Single,4086,17647,0,Y,Yes,14,3,3,80,1,9,3,3,2,2,0,2
35,No,Travel_Rarely,348,Research & Development,15,4,Life Sciences,1,265,3,Male,34,2,3,Sales Executive,3,Married,9937,5531,1,Y,No,15,3,3,80,2,17,1,4,17,3,0,1
26,No,Travel_Rarely,1208,Research & Development,16,3,Marketing,1,266,3,Female,58,2,1,Sales Representative,3,Married,3739,3178,1,Y,No,12,3,1,80,1,5,3,3,5,1,1,5
52,No,Travel_Rarely,186,Research & Development,2,3,Medical,1,267,3,Male,59,3,2,Sales Executive,4,Single,8330,2429,0,Y,Yes,11,3,2,80,0,32,3,3,22,12,3,2
24,No,Travel_Rarely,1336,Sales,6,2,Life Sciences,1,268,4,Female,53,3,3,Healthcare Representative,1,Married,7424,10180,0,Y,Yes,14,3,1,80,2,6,4,1,6,6,1,4
33,No,Travel_Rarely,1044,Research & Development,12,1,Marketing,1,269,3,Female,69,3,1,Research Director,4,Divorced,5659,3936,1,Y,Yes,11,3,3,80,2,14,3,4,3,3,2,3
38,No,Travel_Frequently,619,Sales,6,1,Life Sciences,1,270,3,Male,54,2,1,Research Scientist,4,Single,6358,22112,1,Y,No,17,3,4,80,1,19,3,3,1,1,0,1
50,No,Travel_Rarely,368,Research & Development,8,4,Technical Degree,1,271,4,Female,59,4,1,Research Scientist,3,Single,5580,26932,2,Y,No,11,3,4,80,0,29,3,3,6,2,1,0
24,No,Travel_Rarely,1243,Human Resources,9,4,Life Sciences,1,272,4,Male,86,2,3,Laboratory Technician,3,Single,8157,3621,1,Y,Yes,11,3,3,80,1,4,2,2,4,0,0,1
47,No,Travel_Rarely,945,Human Resources,2,4,Life Sciences,1,273,2,Female,41,3,3,Sales Representative,4,Single,9991,12871,3,Y,No,19,3,4,80,1,26,3,2,13,2,1,2
37,No,Travel_Rarely,606,Research & Development,6,4,Life Sciences,1,274,4,Male,73,1,3,Research Director,2,Divorced,8781,2735,7,Y,No,14,3,3,80,1,16,3,3,16,0,0,2
28,No,Non-Travel,722,Research & Development,1,4,Other,1,275,2,Male,65,3,1,Healthcare Representative,4,Married,5580,5431,0,Y,Yes,16,3,3,80,2,7,4,3,5,2,1,3
41,No,Travel_Rarely,1257,Research & Development,2,3,Marketing,1,276,3,Female,51,3,3,Sales Executive,3,Married,10214,10136,0,Y,No,15,3,2,80,2,20,3,3,3,3,1,3
39,No,Travel_Rarely,575,Sales,7,4,Technical Degree,1,277,1,Male,81,3,1,Manufacturing Director,3,Married,4718,11899,5,Y,No,13,3,3,80,0,20,3,3,1,1,1,0
32,No,Travel_Rarely,227,Research & Development,9,3,Life Sciences,1,278,3,Female,69,3,1,Research Scientist,3,Single,5727,25499,2,Y,No,18,4,2,80,2,12,1,3,0,0,0,0
38,No,Travel_Frequently,1375,Research & Development,2,5,Life Sciences,1,279,3,Male,63,3,1,Laboratory Technician,3,Married,5565,11952,4,Y,No,13,3,3,80,0,17,5,3,5,5,1,1
34,Yes,Travel_Rarely,643,Research & Development,14,4,Life Sciences,1,280,3,Female,77,3,2,Sales Executive,1,Married,6915,14454,1,Y,Yes,13,3,4,80,0,14,2,3,6,0,0,6
38,No,Non-Travel,589,Research & Development,5,3,Medical,1,281,3,Female,86,3,2,Sales Executive,4,Married,6934,8210,4,Y,No,17,4,1,80,1,19,5,3,12,5,1,10
43,No,Non-Travel,388,Sales,24,3,Medical,1,282,3,Male,98,4,1,Manager,3,Divorced,4534,2097,6,Y,No,11,3,1,80,1,24,2,3,5,1,1,2
51,No,Travel_Rarely,1356,Research & Development,5,3,Medical,1,283,2,Male,74,4,3,Laboratory Technician,4,Married,10266,24492,3,Y,No,14,3,2,80,0,33,1,3,17,0,0,0
26,Yes,Non-Travel,406,Research & Development,2,2,Life Sciences,1,284,4,Male,91,3,2,Research Scientist,1,Married,6486,4129,0,Y,Yes,13,3,3,80,1,8,4,2,7,1,1,5
56,No,Travel_Rarely,991,Sales,14,3,Other,1,285,3,Male,30,1,2,Research Scientist,3,Divorced,10076,26109,6,Y,Yes,14,3,2,80,0,36,4,3,13,4,2,4
19,No,Travel_Frequently,1332,Research & Development,9,3,Life Sciences,1,286,3,Male,67,4,2,Sales Representative,4,Single,5141,5353,4,Y,Yes,14,3,3,80,1,1,4,4,1,1,1,1
36,No,Travel_Rarely,151,Research & Development,5,2,Other,1,287,4,Female,45,4,3,Healthcare Representative,4,Single,7314,17158,3,Y,Yes,16,3,2,80,2,15,1,3,14,6,0,7
42,No,Travel_Rarely,1260,Research & Development,5,5,Life Sciences,1,288,2,Female,37,3,2,Research Scientist,4,Single,6417,26984,0,Y,No,18,3,3,80,1,22,4,3,8,2,0,8
40,No,Travel_Rarely,676,Research & Development,2,4,Medical,1,289,3,Female,67,3,1,Sales Executive,4,Married,6753,5542,4,Y,Yes,16,3,2,80,0,21,3,2,1,0,0,1
31,No,Travel_Frequently,1021,Sales,5,4,Life Sciences,1,290,3,Female,82,3,1,Research Scientist,2,Married,4402,12652,0,Y,Yes,14,3,4,80,3,12,2,3,1,1,1,1
35,No,Travel_Rarely,622,Research & Development,1,4,Medical,1,291,1,Female,59,3,3,Research Director,4,Married,9611,21530,1,Y,No,17,3,3,80,1,14,5,3,14,0,0,1
33,No,Travel_Rarely,1074,Research & Development,7,3,Medical,1,292,2,Female,77,4,1,Laboratory Technician,1,Divorced,5005,2896,2,Y,No,17,3,4,80,2,15,3,1,0,0,0,0
32,No,Travel_Rarely,457,Research & Development,21,3,Medical,1,293,4,Male,64,3,2,Laboratory Technician,1,Married,5780,19273,1,Y,No,16,3,4,80,1,12,1,3,4,1,1,2
45,No,Travel_Rarely,133,Research & Development,15,4,Medical,1,294,2,Female,61,3,1,Laboratory Technician,1,Married,7401,4096,3,Y,Yes,18,3,3,80,3,25,2,3,3,1,1,1
40,No,Travel_Rarely,1426,Sales,1,5,Marketing,1,295,3,Female,50,2,2,Research Scientist,4,Single,8174,7985,2,Y,No,11,4,2,80,2,19,3,4,8,4,2,0
31,No,Travel_Rarely,125,Sales,20,3,Marketing,1,296,3,Male,57,3,2,Manager,1,Single,6496,6081,0,Y,No,15,3,3,80,1,13,4,3,13,9,2,1
45,No,Travel_Rarely,1253,Human Resources,6,4,Technical Degree,1,297,3,Male,54,3,1,Laboratory Technician,1,Married,6597,24691,3,Y,No,16,3,3,80,0,25,2,3,3,1,1,1
40,No,Travel_Rarely,338,Research & Development,3,5,Life Sciences,1,298,3,Male,75,1,1,Sales Executive,2,Married,5418,6588,6,Y,No,11,3,3,80,1,19,4,3,4,4,3,2
44,No,Travel_Rarely,650,Research & Development,14,4,Medical,1,299,4,Male,38,3,3,Sales Executive,3,Divorced,9670,3101,0,Y,No,16,3,1,80,1,24,4,3,24,1,1,3
43,No,Travel_Rarely,1251,Sales,5,5,Medical,1,300,3,Female,36,3,2,Laboratory Technician,4,Single,8930,16729,2,Y,No,18,3,1,80,1,24,1,3,11,5,1,3
30,No,Travel_Rarely,390,Research & Development,4,3,Life Sciences,1,301,3,Male,76,3,3,Research Director,3,Single,6984,10716,1,Y,Yes,14,3,2,80,0,10,0,3,10,3,2,1
32,No,Non-Travel,1311,Research & Development,3,5,Medical,1,302,4,Male,68,1,3,Research Scientist,3,Married,8073,12198,2,Y,No,17,3,1,80,0,12,3,3,4,1,1,2
44,No,Travel_Rarely,797,Research & Development,7,4,Life Sciences,1,303,2,Female,60,3,1,Sales Representative,1,Single,5743,5059,1,Y,Yes,18,3,4,80,1,24,4,2,2,1,1,2
42,No,Non-Travel,614,Sales,2,1,Life Sciences,1,304,4,Male,41,2,3,Healthcare Representative,2,Single,9588,20729,1,Y,No,19,3,2,80,2,24,3,1,4,0,0,2
37,No,Travel_Frequently,1027,Research & Development,15,5,Life Sciences,1,305,4,Male,59,3,2,Research Scientist,1,Married,6121,17076,0,Y,Yes,18,3,3,80,1,19,4,3,9,1,0,9
38,No,Travel_Rarely,579,Research & Development,7,3,Life Sciences,1,306,2,Male,85,3,1,Sales Executive,3,Single,5894,11165,9,Y,No,19,3,4,80,0,17,3,3,1,1,1,1
48,No,Travel_Rarely,587,Research & Development,6,3,Marketing,1,307,3,Female,92,3,1,Sales Executive,3,Married,5277,6367,2,Y,No,14,3,4,80,0,30,3,3,2,2,2,2
32,Yes,Travel_Frequently,1127,Research & Development,1,3,Medical,1,308,3,Female,79,4,1,Healthcare Representative,2,Single,3760,16874,2,Y,Yes,14,3,3,80,0,12,0,3,0,0,0,0
42,No,Travel_Rarely,535,Research & Development,16,2,Other,1,309,3,Male,34,3,1,Sales Executive,4,Single,5359,21485,1,Y,Yes,11,3,2,80,0,22,1,3,4,0,0,3
35,No,Travel_Rarely,382,Research & Development,7,3,Marketing,1,310,4,Female,77,3,2,Research Scientist,4,Married,8476,9874,2,Y,No,12,3,2,80,0,17,3,3,12,2,1,6
35,No,Travel_Rarely,1230,Research & Development,6,4,Life Sciences,1,311,3,Male,47,4,1,Laboratory Technician,1,Divorced,7193,2738,1,Y,No,19,3,3,80,2,17,3,2,0,0,0,0
47,No,Travel_Rarely,1227,Sales,14,1,Human Resources,1,312,3,Female,52,3,1,Healthcare Representative,1,Married,6351,7432,1,Y,No,13,4,3,80,2,27,2,2,8,7,6,8
44,No,Travel_Frequently,797,Research & Development,2,3,Technical Degree,1,313,2,Female,44,3,2,Sales Executive,4,Married,7329,19089,2,Y,No,16,3,2,80,0,24,3,2,19,2,2,1
44,No,Travel_Rarely,838,Sales,5,1,Medical,1,314,3,Female,84,3,1,Research Scientist,1,Single,5925,26727,1,Y,Yes,16,3,1,80,1,25,3,3,2,2,0,2
49,No,Travel_Rarely,1074,Research & Development,9,3,Medical,1,315,3,Male,75,3,4,Laboratory Technician,2,Married,11708,2427,0,Y,Yes,19,3,4,80,1,28,1,1,8,2,2,2
37,No,Travel_Rarely,813,Research & Development,7,4,Other,1,316,4,Female,73,3,2,Laboratory Technician,3,Single,8293,9719,2,Y,Yes,11,3,1,80,3,19,3,2,19,1,1,2
43,No,Travel_Rarely,685,Research & Development,3,4,Medical,1,317,3,Female,77,3,3,Manager,4,Married,8185,3639,5,Y,No,16,3,3,80,3,22,2,3,22,0,0,1
34,No,Travel_Rarely,1492,Sales,4,5,Human Resources,1,318,1,Male,47,3,1,Sales Executive,3,Married,5876,9973,0,Y,No,16,4,4,80,0,14,3,2,2,2,1,2
40,No,Travel_Rarely,308,Sales,4,3,Life Sciences,1,319,2,Female,61,4,2,Manager,1,Divorced,5979,12203,0,Y,Yes,12,3,3,80,0,19,3,2,1,0,0,1
36,Yes,Travel_Frequently,930,Research & Development,29,3,Life Sciences,1,320,3,Male,74,3,1,Healthcare Representative,1,Married,4855,25028,1,Y,No,18,4,2,80,0,18,3,4,1,1,1,1
38,Yes,Travel_Rarely,1340,Research & Development,5,5,Medical,1,321,4,Female,75,3,2,Laboratory Technician,1,Single,7198,4100,9,Y,Yes,11,3,1,80,1,20,2,3,8,1,1,1
42,No,Travel_Frequently,1062,Sales,3,4,Medical,1,322,4,Male,85,3,2,Healthcare Representative,2,Single,7609,21449,4,Y,Yes,18,3,4,80,1,21,2,2,9,2,0,0
30,No,Travel_Rarely,1333,Research & Development,17,3,Technical Degree,1,323,3,Female,50,3,1,Research Scientist,3,Divorced,4757,11945,2,Y,No,11,3,1,80,0,12,2,2,8,0,0,3
56,No,Travel_Rarely,572,Sales,6,4,Other,1,324,1,Male,84,4,1,Sales Executive,4,Married,6900,22299,7,Y,No,12,3,3,80,2,37,3,3,3,3,0,1
28,No,Travel_Rarely,482,Research & Development,6,5,Life Sciences,1,325,2,Male,61,3,1,Manufacturing Director,2,Married,4472,14880,1,Y,Yes,15,4,4,80,0,8,2,3,1,1,1,1
26,No,Travel_Rarely,1291,Research & Development,8,4,Life Sciences,1,326,2,Male,77,4,1,Laboratory Technician,2,Single,3063,3072,9,Y,No,16,3,1,80,3,6,1,2,6,1,0,3
47,No,Travel_Rarely,653,Sales,9,3,Technical Degree,1,327,4,Male,62,4,1,Manufacturing Director,2,Married,6580,25659,1,Y,Yes,11,4,4,80,0,29,6,2,5,1,1,3
44,No,Travel_Rarely,1093,Human Resources,9,4,Medical,1,328,2,Male,96,4,1,Research Scientist,1,Single,6369,4154,1,Y,No,18,3,4,80,0,24,2,4,9,3,1,2
43,No,Travel_Frequently,308,Sales,1,1,Life Sciences,1,329,3,Male,43,2,1,Sales Representative,4,Divorced,6794,16979,3,Y,No,17,4,3,80,0,24,1,3,4,0,0,0
43,Yes,Travel_Frequently,1158,Sales,16,3,Medical,1,330,3,Male,77,3,2,Laboratory Technician,1,Married,9078,23952,1,Y,No,21,3,3,80,0,25,3,3,3,1,1,3
37,No,Travel_Rarely,869,Sales,3,3,Marketing,1,331,4,Male,70,3,2,Sales Executive,2,Divorced,7369,4081,2,Y,Yes,17,3,4,80,1,18,3,2,2,1,1,2
29,No,Travel_Rarely,477,Research & Development,4,2,Marketing,1,332,4,Male,42,3,4,Laboratory Technician,1,Single,11129,15889,1,Y,No,13,3,3,80,0,10,2,2,2,2,2,2
38,No,Travel_Rarely,793,Research & Development,3,1,Medical,1,333,4,Female,35,3,2,Healthcare Representative,3,Married,7054,22623,2,Y,No,12,3,4,80,1,18,3,3,2,2,0,2
31,No,Travel_Rarely,1076,Research & Development,14,2,Life Sciences,1,334,3,Male,86,3,1,Manager,4,Married,3520,26658,1,Y,No,14,3,3,80,0,11,1,4,1,1,1,1
46,No,Travel_Rarely,119,Sales,9,4,Other,1,335,4,Female,41,3,1,Laboratory Technician,1,Single,6569,20133,0,Y,No,22,3,1,80,0,25,2,1,3,2,2,0
36,No,Travel_Rarely,993,Sales,14,4,Medical,1,336,4,Female,43,3,1,Sales Representative,3,Divorced,5752,9026,6,Y,No,15,3,2,80,2,17,1,4,0,0,0,0
30,No,Non-Travel,859,Research & Development,11,5,Life Sciences,1,337,4,Female,98,3,1,Research Scientist,1,Divorced,4601,19517,5,Y,No,15,3,1,80,3,10,2,2,1,1,1,1
34,No,Travel_Frequently,410,Research & Development,2,3,Life Sciences,1,338,4,Male,80,3,1,Research Scientist,4,Divorced,4950,19671,9,Y,No,19,3,1,80,0,15,3,3,10,10,0,5
41,No,Travel_Rarely,1154,Research & Development,4,3,Marketing,1,339,3,Female,48,3,2,Sales Representative,3,Married,7582,19527,3,Y,No,12,3,1,80,3,20,2,1,3,0,0,3
32,No,Travel_Rarely,526,Sales,7,5,Life Sciences,1,340,3,Male,71,3,2,Sales Representative,4,Single,6370,23369,3,Y,No,17,3,3,80,1,13,3,3,8,1,1,1
30,No,Travel_Rarely,489,Research & Development,4,2,Life Sciences,1,341,3,Male,67,4,1,Manufacturing Director,3,Single,5114,4270,2,Y,No,17,3,2,80,0,12,2,3,9,3,0,9
39,No,Travel_Frequently,760,Research & Development,3,4,Medical,1,342,3,Male,89,3,1,Sales Representative,4,Divorced,4502,4794,0,Y,No,18,3,4,80,2,18,2,3,6,2,2,6
39,No,Travel_Rarely,1047,Research & Development,19,4,Life Sciences,1,343,4,Female,81,3,3,Sales Executive,3,Single,8192,18049,1,Y,No,18,3,4,80,0,18,1,3,18,0,0,0
32,Yes,Travel_Rarely,1400,Research & Development,13,2,Medical,1,344,4,Male,88,2,1,Sales Representative,3,Married,3784,25850,1,Y,Yes,15,4,3,80,0,13,2,3,0,0,0,0
33,No,Travel_Frequently,299,Sales,5,4,Life Sciences,1,345,3,Male,45,3,3,Research Scientist,4,Married,10315,13696,6,Y,Yes,11,3,3,80,1,14,2,3,9,7,0,1
39,Yes,Travel_Rarely,656,Research & Development,14,4,Medical,1,346,2,Female,75,3,1,Sales Executive,3,Married,5378,26017,0,Y,Yes,13,3,2,80,0,19,3,1,19,6,2,4
24,Yes,Travel_Rarely,196,Research & Development,10,1,Life Sciences,1,347,4,Female,33,3,2,Research Scientist,1,Divorced,7047,25457,6,Y,Yes,18,3,3,80,0,6,4,3,6,1,1,1
24,Yes,Travel_Rarely,1162,Research & Development,1,2,Life Sciences,1,348,2,Male,35,2,2,Research Scientist,2,Single,4963,24581,2,Y,Yes,21,3,3,80,0,3,3,2,1,1,1,1
31,Yes,Travel_Rarely,727,Research & Development,5,1,Life Sciences,1,349,2,Male,80,3,1,Research Scientist,1,Married,4455,24754,3,Y,Yes,11,3,4,80,1,10,3,3,3,3,3,0
35,No,Travel_Rarely,1090,Research & Development,4,3,Other,1,350,3,Female,32,3,1,Research Scientist,3,Single,5361,24467,0,Y,No,11,3,1,80,1,14,2,3,1,1,1,1
40,No,Travel_Rarely,552,Research & Development,3,3,Technical Degree,1,351,2,Male,71,4,1,Sales Executive,3,Married,6577,22513,1,Y,Yes,11,3,4,80,0,20,3,2,6,2,0,2
50,No,Travel_Rarely,1282,Sales,4,3,Life Sciences,1,352,3,Male,89,3,2,Research Scientist,1,Single,7678,19402,8,Y,Yes,13,3,4,80,2,32,3,4,9,0,0,1
45,Yes,Travel_Rarely,849,Research & Development,27,3,Marketing,1,353,2,Male,57,3,1,Laboratory Technician,3,Married,5398,2702,1,Y,Yes,18,3,3,80,0,24,0,3,3,2,2,3
36,No,Travel_Frequently,1420,Research & Development,7,5,Medical,1,354,2,Female,33,2,2,Laboratory Technician,4,Divorced,6166,5388,1,Y,No,19,3,2,80,1,15,4,3,5,2,0,0
37,No,Travel_Rarely,212,Research & Development,18,3,Other,1,355,3,Female,80,3,3,Research Scientist,2,Divorced,8664,5437,1,Y,Yes,11,3,3,80,2,17,1,1,8,2,2,4
28,No,Travel_Rarely,820,Research & Development,3,1,Life Sciences,1,356,2,Female,95,3,1,Healthcare Representative,2,Single,3704,2680,0,Y,Yes,11,3,3,80,2,9,2,3,4,0,0,4
37,No,Travel_Rarely,1173,Sales,3,3,Marketing,1,357,3,Female,80,3,3,Sales Representative,4,Married,7531,5000,1,Y,No,11,3,3,80,1,16,2,3,13,13,3,5
34,No,Travel_Frequently,940,Research & Development,21,3,Life Sciences,1,358,2,Male,70,3,2,Healthcare Representative,4,Divorced,7087,25000,3,Y,Yes,12,3,3,80,1,16,4,2,10,1,1,6
40,Yes,Travel_Frequently,134,Research & Development,7,3,Life Sciences,1,359,4,Male,46,3,1,Research Scientist,1,Single,6096,18626,2,Y,Yes,14,4,1,80,0,22,5,4,0,0,0,0
30,No,Travel_Rarely,1460,Sales,21,3,Other,1,360,2,Male,31,3,2,Healthcare Representative,3,Single,5649,9866,2,Y,No,14,3,2,80,1,12,5,4,7,2,2,1
42,No,Travel_Rarely,519,Research & Development,2,2,Medical,1,361,2,Male,79,4,1,Sales Executive,3,Single,5180,21853,0,Y,No,17,4,1,80,0,24,3,3,2,2,1,2
51,No,Travel_Frequently,450,Sales,23,4,Life Sciences,1,362,2,Male,46,3,2,Sales Executive,3,Married,8000,14257,4,Y,No,11,4,2,80,0,31,3,3,6,2,0,0
36,No,Travel_Rarely,780,Research & Development,6,5,Life Sciences,1,363,3,Female,90,1,3,Research Scientist,3,Single,9965,5634,4,Y,No,13,3,2,80,0,15,1,3,15,4,2,9
41,No,Travel_Rarely,859,Human Resources,3,3,Marketing,1,364,3,Female,63,3,3,Manager,3,Divorced,6814,24123,0,Y,No,19,3,2,80,0,21,2,3,15,2,0,0
43,No,Non-Travel,1173,Research & Development,11,3,Medical,1,365,3,Female,67,2,1,Research Scientist,4,Married,6156,10528,1,Y,No,19,3,2,80,1,25,4,3,4,3,3,4
33,No,Travel_Rarely,651,Research & Development,15,4,Life Sciences,1,366,4,Male,83,3,2,Sales Executive,2,Married,7343,19499,0,Y,No,20,3,4,80,2,15,2,2,2,2,2,0
39,No,Non-Travel,717,Human Resources,1,4,Other,1,367,4,Female,85,3,1,Sales Executive,4,Single,4910,9331,4,Y,No,16,3,4,80,0,21,1,3,2,0,0,2
37,Yes,Travel_Frequently,849,Research & Development,29,3,Life Sciences,1,368,3,Female,75,1,1,Sales Representative,4,Married,4881,14548,3,Y,No,13,3,2,80,0,17,2,1,5,3,3,0
38,Yes,Travel_Rarely,653,Research & Development,12,5,Life Sciences,1,369,1,Male,96,4,1,Manufacturing Director,2,Married,5666,22423,6,Y,Yes,16,3,2,80,0,20,2,3,1,1,0,0
30,No,Non-Travel,1380,Research & Development,4,3,Other,1,370,3,Female,99,3,3,Research Scientist,4,Married,8096,5999,1,Y,No,23,3,4,80,1,9,2,3,6,0,0,4
37,Yes,Travel_Frequently,1291,Research & Development,2,3,Life Sciences,1,371,1,Male,96,3,1,Laboratory Technician,2,Married,6679,26432,2,Y,Yes,13,3,3,80,0,19,2,2,0,0,0,0
41,No,Travel_Rarely,738,Sales,5,4,Life Sciences,1,372,3,Male,88,3,1,Laboratory Technician,2,Married,5482,3843,1,Y,No,20,3,2,80,0,20,2,3,3,3,1,3
50,No,Travel_Rarely,102,Research & Development,3,5,Medical,1,373,3,Male,79,3,2,Manufacturing Director,4,Divorced,8609,15393,1,Y,No,11,3,4,80,1,29,2,3,2,1,1,2
46,No,Travel_Rarely,1361,Sales,7,4,Technical Degree,1,374,4,Male,76,2,4,Research Scientist,1,Divorced,11800,24908,2,Y,Yes,17,3,2,80,2,28,1,2,25,2,2,0
56,No,Travel_Rarely,276,Research & Development,15,1,Life Sciences,1,375,4,Male,37,1,2,Sales Representative,2,Married,9035,25647,0,Y,No,17,3,3,80,0,36,4,3,9,9,0,8
30,No,Travel_Frequently,444,Research & Development,11,3,Other,1,376,3,Female,49,1,2,Research Scientist,3,Single,5858,7875,3,Y,No,16,3,4,80,0,11,3,3,3,1,1,2
45,Yes,Travel_Rarely,315,Research & Development,6,3,Technical Degree,1,377,3,Female,30,3,1,Healthcare Representative,3,Single,6041,5680,2,Y,Yes,16,3,2,80,1,26,3,3,1,0,0,1
39,No,Travel_Rarely,353,Research & Development,2,3,Life Sciences,1,378,3,Female,40,2,1,Sales Executive,3,Single,5188,20135,4,Y,No,17,3,4,80,0,18,3,2,5,5,0,2
57,Yes,Travel_Rarely,1224,Research & Development,29,4,Marketing,1,379,2,Female,61,1,2,Research Scientist,1,Married,7987,3139,1,Y,Yes,17,4,2,80,0,37,2,1,2,2,2,2
30,Yes,Travel_Frequently,912,Research & Development,4,4,Life Sciences,1,380,4,Male,40,4,1,Research Scientist,1,Married,5420,14179,6,Y,Yes,14,3,3,80,1,11,4,2,5,2,2,1
29,No,Travel_Rarely,1438,Sales,4,4,Life Sciences,1,381,3,Female,93,3,1,Laboratory Technician,2,Married,3068,21927,9,Y,Yes,14,3,3,80,3,11,5,1,11,2,2,1
32,No,Travel_Rarely,425,Sales,10,5,Marketing,1,382,2,Male,86,3,2,Sales Executive,3,Divorced,7798,16047,6,Y,No,11,3,4,80,0,14,0,3,7,5,1,2
18,No,Travel_Rarely,780,Sales,14,3,Other,1,383,4,Male,35,2,1,Manager,3,Divorced,2025,6776,4,Y,No,17,3,1,80,1,0,1,3,0,0,0,0
32,No,Travel_Rarely,1467,Research & Development,29,4,Life Sciences,1,384,2,Male,47,1,3,Sales Executive,3,Divorced,8237,14224,4,Y,No,19,3,3,80,0,12,3,1,5,1,1,1
30,No,Travel_Rarely,1257,Sales,29,4,Medical,1,385,1,Male,87,3,2,Manufacturing Director,3,Single,7153,25038,2,Y,No,20,3,4,80,2,10,2,2,10,0,0,3
38,No,Travel_Rarely,1120,Research & Development,23,3,Medical,1,386,3,Male,86,2,2,Manager,2,Married,6169,17466,1,Y,Yes,13,3,3,80,0,19,5,3,19,2,1,4
40,No,Travel_Rarely,366,Research & Development,6,4,Life Sciences,1,387,3,Male,96,1,1,Laboratory Technician,4,Single,5819,20063,3,Y,No,11,3,1,80,1,21,3,3,5,5,2,0
54,No,Travel_Rarely,1177,Sales,3,2,Life Sciences,1,388,3,Male,100,3,2,Healthcare Representative,1,Single,8732,10469,3,Y,No,16,4,2,80,2,36,2,3,3,3,3,1
46,No,Non-Travel,588,Research & Development,9,4,Life Sciences,1,389,3,Female,98,1,1,Manufacturing Director,1,Single,6061,6788,9,Y,No,12,3,3,80,3,25,2,2,4,4,1,2
32,No,Travel_Rarely,843,Research & Development,1,3,Marketing,1,390,1,Male,59,3,1,Research Scientist,4,Married,4481,8461,2,Y,No,17,3,4,80,1,12,3,3,1,1,0,0
29,No,Travel_Rarely,953,Sales,3,3,Medical,1,391,3,Male,48,3,1,Manager,2,Married,4228,15373,1,Y,No,11,3,3,80,0,10,1,4,7,3,3,1
41,No,Travel_Rarely,953,Research & Development,1,4,Life Sciences,1,392,2,Male,83,3,3,Research Scientist,3,Divorced,7904,9073,3,Y,No,18,4,3,80,0,22,4,3,5,2,2,0
25,Yes,Travel_Rarely,1117,Research & Development,3,4,Technical Degree,1,393,4,Female,51,1,1,Laboratory Technician,2,Single,4037,15592,9,Y,No,15,3,2,80,0,4,0,3,1,1,1,1
53,No,Travel_Rarely,1026,Research & Development,7,2,Technical Degree,1,394,1,Male,86,4,2,Healthcare Representative,3,Married,8894,19722,0,Y,No,11,3,3,80,1,32,5,3,2,2,0,2
48,No,Travel_Rarely,198,Research & Development,5,1,Medical,1,395,2,Male,67,3,2,Research Scientist,2,Married,7635,20384,1,Y,Yes,16,3,2,80,1,30,1,4,5,2,0,0
33,No,Travel_Rarely,741,Research & Development,5,3,Life Sciences,1,396,4,Male,86,3,2,Research Scientist,4,Single,6235,6195,2,Y,No,15,3,3,80,2,12,3,3,12,0,0,0
22,No,Travel_Rarely,1030,Research & Development,17,3,Medical,1,397,4,Male,49,3,3,Laboratory Technician,2,Married,8992,20783,0,Y,Yes,17,3,4,80,0,4,0,4,4,4,2,4
49,No,Travel_Rarely,516,Sales,11,4,Life Sciences,1,398,4,Male,66,3,1,Manager,3,Single,6149,18847,0,Y,Yes,17,3,4,80,1,31,2,2,8,2,1,2
36,No,Travel_Frequently,539,Research & Development,26,5,Life Sciences,1,399,1,Male,69,3,2,Research Director,4,Married,7082,2393,1,Y,Yes,11,3,2,80,3,15,3,3,3,1,1,3
48,No,Travel_Rarely,276,Research & Development,6,3,Marketing,1,400,3,Male,96,3,2,Laboratory Technician,3,Married,8189,3560,5,Y,No,14,4,3,80,3,27,1,3,6,3,0,6
23,No,Travel_Rarely,687,Sales,4,4,Life Sciences,1,401,3,Male,49,3,1,Manufacturing Director,3,Single,3829,18189,0,Y,No,15,3,1,80,1,2,2,3,2,2,1,2
32,No,Travel_Rarely,1481,Research & Development,2,3,Life Sciences,1,402,4,Male,96,3,1,Sales Representative,3,Single,5225,11650,1,Y,No,14,3,2,80,1,11,2,3,8,1,1,1
37,No,Travel_Rarely,501,Human Resources,11,4,Life Sciences,1,403,1,Female,86,3,1,Sales Executive,3,Married,5872,5733,4,Y,No,14,3,2,80,1,16,2,3,0,0,0,0
37,No,Travel_Rarely,844,Research & Development,18,2,Life Sciences,1,404,2,Male,81,4,2,Research Scientist,4,Divorced,7843,3200,8,Y,No,18,3,2,80,0,19,2,3,5,1,1,5
33,Yes,Travel_Rarely,1140,Research & Development,3,3,Life Sciences,1,405,3,Male,85,2,2,Healthcare Representative,1,Married,7532,6064,9,Y,Yes,11,3,3,80,0,14,4,3,2,1,1,2
43,No,Travel_Rarely,121,Research & Development,20,4,Other,1,406,1,Male,72,3,2,Manager,4,Married,5774,25941,1,Y,No,14,4,3,80,1,23,1,3,3,2,1,3
27,Yes,Travel_Rarely,1360,Research & Development,8,1,Life Sciences,1,407,3,Female,47,3,3,Sales Representative,3,Married,7022,20214,8,Y,Yes,14,3,4,80,0,7,1,3,7,4,1,1
36,No,Travel_Rarely,642,Research & Development,2,4,Life Sciences,1,408,4,Male,43,2,1,Research Scientist,4,Divorced,4828,15237,0,Y,No,15,3,2,80,1,18,2,3,1,1,1,1
38,No,Non-Travel,1316,Research & Development,10,4,Life Sciences,1,409,3,Male,91,4,2,Sales Executive,1,Divorced,6563,25543,3,Y,Yes,12,3,3,80,1,20,4,3,3,3,0,3
42,No,Travel_Rarely,156,Research & Development,8,3,Other,1,410,3,Female,81,3,1,Laboratory Technician,4,Married,5064,17513,3,Y,No,21,3,2,80,1,23,4,3,5,5,2,5
43,No,Travel_Rarely,305,Research & Development,1,3,Medical,1,411,4,Male,45,3,3,Research Scientist,1,Married,9872,20166,1,Y,No,18,3,2,80,0,22,3,2,14,0,0,3
27,Yes,Travel_Frequently,553,Research & Development,6,4,Life Sciences,1,412,1,Male,73,2,3,Research Scientist,4,Divorced,8206,9133,2,Y,Yes,22,3,4,80,0,9,4,2,4,0,0,4
23,No,Travel_Rarely,585,Research & Development,15,4,Technical Degree,1,413,2,Male,61,3,2,Healthcare Representative,3,Married,5731,16763,0,Y,No,17,4,3,80,0,3,4,4,3,2,0,1
48,No,Travel_Rarely,1286,Human Resources,8,3,Life Sciences,1,414,3,Female,41,2,1,Sales Executive,3,Married,5780,5667,5,Y,Yes,17,4,4,80,0,27,2,1,14,1,1,1
40,No,Travel_Rarely,118,Research & Development,4,3,Life Sciences,1,415,1,Male,67,3,1,Manager,3,Single,5240,12168,1,Y,Yes,15,3,3,80,3,22,1,2,3,3,1,2
30,Yes,Travel_Rarely,998,Sales,25,4,Life Sciences,1,416,1,Female,50,3,3,Laboratory Technician,1,Divorced,7926,2922,2,Y,Yes,20,3,2,80,0,9,2,3,3,3,0,1
51,No,Travel_Rarely,285,Research & Development,3,3,Life Sciences,1,417,3,Female,37,3,1,Laboratory Technician,3,Divorced,7390,7489,0,Y,Yes,17,3,1,80,0,31,2,2,3,3,1,3
38,No,Travel_Frequently,1252,Research & Development,4,2,Life Sciences,1,418,4,Male,63,3,3,Sales Executive,2,Single,7349,3959,1,Y,No,14,4,4,80,0,17,3,3,13,1,1,1
48,No,Travel_Rarely,1190,Sales,5,3,Medical,1,419,4,Male,71,2,1,Research Scientist,3,Married,7220,11752,9,Y,Yes,21,3,1,80,1,30,3,2,0,0,0,0
38,No,Travel_Rarely,800,Research & Development,21,5,Life Sciences,1,420,3,Male,33,1,1,Sales Executive,4,Married,7235,23090,3,Y,No,11,3,4,80,1,20,3,2,3,2,2,3
56,No,Travel_Rarely,399,Research & Development,7,4,Medical,1,421,1,Male,58,3,2,Research Director,1,Single,9493,11506,8,Y,No,13,3,3,80,0,36,1,3,8,1,1,2
53,No,Travel_Frequently,988,Research & Development,11,5,Life Sciences,1,422,2,Male,48,3,3,Manager,3,Divorced,9328,22806,1,Y,No,23,3,2,80,3,34,4,3,6,3,0,1
35,No,Travel_Rarely,320,Sales,29,4,Life Sciences,1,423,2,Female,32,4,1,Laboratory Technician,3,Single,4691,18444,0,Y,Yes,17,3,3,80,2,16,2,2,4,2,1,3
46,Yes,Travel_Rarely,367,Research & Development,15,5,Life Sciences,1,424,2,Female,39,3,1,Research Scientist,2,Single,6627,14784,2,Y,Yes,11,3,1,80,0,25,2,3,5,2,2,5
43,No,Travel_Rarely,977,Research & Development,3,2,Other,1,425,1,Female,40,3,3,Research Director,4,Married,9201,7994,2,Y,Yes,18,3,1,80,1,25,6,3,2,1,1,2
49,No,Travel_Rarely,1487,Sales,15,4,Life Sciences,1,426,3,Male,43,1,2,Research Scientist,3,Married,7675,25060,0,Y,No,12,3,4,80,0,31,2,3,4,0,0,0
28,No,Travel_Rarely,1347,Human Resources,13,1,Medical,1,427,3,Female,86,3,2,Sales Executive,1,Single,6159,3444,3,Y,No,13,3,3,80,0,8,2,3,5,2,0,0
43,No,Travel_Rarely,931,Research & Development,3,4,Life Sciences,1,428,2,Female,61,2,1,Laboratory Technician,1,Married,4743,19251,1,Y,Yes,23,3,3,80,2,23,3,2,16,1,1,1
47,No,Non-Travel,854,Sales,5,3,Life Sciences,1,429,4,Female,40,3,1,Research Director,3,Married,6016,17566,1,Y,No,20,3,2,80,0,29,4,3,2,0,0,1
21,No,Travel_Rarely,1497,Research & Development,12,3,Life Sciences,1,430,4,Male,37,3,1,Sales Executive,2,Single,2915,13078,1,Y,Yes,21,3,1,80,0,1,1,3,1,1,1,1
26,Yes,Travel_Rarely,867,Research & Development,3,4,Life Sciences,1,431,3,Female,51,3,1,Research Scientist,1,Single,4938,8079,2,Y,No,13,3,3,80,0,7,3,2,7,1,1,6
19,Yes,Travel_Rarely,689,Research & Development,3,4,Life Sciences,1,432,1,Male,86,2,2,Research Director,1,Married,4925,12820,3,Y,Yes,14,3,3,80,0,0,5,3,0,0,0,0
35,No,Travel_Rarely,1373,Sales,12,1,Life Sciences,1,433,4,Male,56,3,1,Sales Executive,3,Single,4961,23830,2,Y,No,16,3,4,80,2,14,2,3,9,0,0,1
43,No,Travel_Rarely,429,Sales,20,3,Marketing,1,434,3,Male,41,1,1,Sales Executive,3,Divorced,5284,22934,2,Y,No,18,3,3,80,0,23,2,3,0,0,0,0
51,No,Travel_Rarely,238,Sales,2,3,Life Sciences,1,435,2,Female,58,1,5,Laboratory Technician,1,Divorced,13706,25539,0,Y,No,14,3,4,80,0,30,3,3,30,4,3,7
38,No,Travel_Frequently,988,Research & Development,6,3,Medical,1,436,3,Female,69,3,2,Sales Representative,3,Divorced,7698,9760,6,Y,No,21,3,1,80,1,18,2,3,14,3,1,2
52,No,Travel_Rarely,236,Research & Development,9,4,Life Sciences,1,437,3,Male,32,4,1,Laboratory Technician,4,Single,6589,11735,7,Y,No,16,3,1,80,0,32,2,3,2,2,2,2
25,No,Travel_Rarely,623,Sales,11,3,Medical,1,438,3,Male,74,3,1,Human Resources,4,Divorced,3720,2560,3,Y,No,19,4,1,80,0,6,4,3,2,2,2,2
22,No,Travel_Rarely,694,Sales,29,5,Medical,1,439,3,Male,58,3,1,Manufacturing Director,4,Married,3669,25578,0,Y,No,13,3,4,80,0,4,3,3,3,2,2,3
37,No,Travel_Rarely,867,Research & Development,11,2,Life Sciences,1,440,3,Male,31,1,2,Sales Executive,4,Married,8848,10297,2,Y,Yes,14,4,4,80,0,17,1,3,3,3,1,1
40,No,Travel_Rarely,1487,Research & Development,10,4,Life Sciences,1,441,4,Male,77,1,1,Human Resources,2,Single,6159,12160,2,Y,No,16,3,1,80,0,20,2,2,3,2,0,1
37,Yes,Travel_Frequently,411,Research & Development,29,4,Marketing,1,442,3,Male,80,2,1,Research Scientist,1,Single,5002,24703,9,Y,No,14,3,1,80,0,17,3,3,3,3,3,3
18,No,Non-Travel,627,Human Resources,2,3,Technical Degree,1,443,1,Female,74,4,1,Research Scientist,3,Married,3341,15209,9,Y,Yes,18,4,3,80,0,0,2,3,0,0,0,0
36,No,Travel_Rarely,287,Research & Development,2,3,Life Sciences,1,444,1,Male,54,3,1,Laboratory Technician,3,Married,3849,16195,5,Y,No,18,3,4,80,1,15,3,3,1,1,1,1
25,No,Travel_Rarely,951,Sales,8,4,Life Sciences,1,445,2,Male,67,4,1,Research Scientist,4,Single,5023,6483,0,Y,Yes,14,3,4,80,0,4,3,2,4,4,0,0
43,No,Travel_Frequently,1119,Research & Development,5,4,Human Resources,1,446,3,Male,57,3,2,Sales Executive,2,Married,6871,14513,8,Y,No,17,3,2,80,3,23,2,1,12,1,1,1
40,No,Travel_Rarely,775,Research & Development,2,3,Life Sciences,1,447,2,Female,79,3,2,Sales Executive,3,Single,8043,24962,2,Y,No,21,3,3,80,0,20,6,3,5,1,1,2
29,No,Travel_Rarely,445,Research & Development,4,3,Medical,1,448,3,Female,71,4,1,Laboratory Technician,3,Married,5102,16009,4,Y,Yes,18,3,4,80,1,8,5,2,8,1,0,3
32,No,Travel_Rarely,969,Human Resources,11,2,Life Sciences,1,449,2,Female,36,2,2,Manager,3,Married,7562,8448,1,Y,Yes,17,3,2,80,2,11,0,3,2,1,1,2
27,Yes,Travel_Frequently,855,Sales,20,2,Life Sciences,1,450,3,Male,75,3,1,Laboratory Technician,3,Divorced,5047,2871,1,Y,No,19,3,3,80,0,8,2,3,0,0,0,0
36,No,Travel_Rarely,341,Sales,2,3,Medical,1,451,4,Male,78,4,1,Human Resources,2,Divorced,4912,10470,2,Y,Yes,20,3,2,80,1,16,2,2,7,3,0,1
46,No,Travel_Frequently,669,Research & Development,8,2,Medical,1,452,1,Male,56,3,2,Research Scientist,4,Married,7613,16354,0,Y,Yes,20,3,2,80,2,25,1,3,4,4,1,1
28,No,Travel_Frequently,710,Sales,4,4,Life Sciences,1,453,3,Female,91,2,1,Research Scientist,3,Married,4540,3155,1,Y,No,15,3,4,80,0,9,2,3,6,5,1,2
42,No,Travel_Rarely,1475,Sales,11,4,Medical,1,454,4,Female,89,2,1,Sales Executive,3,Married,5505,17281,5,Y,No,18,4,4,80,3,24,2,3,16,1,0,2
32,Yes,Travel_Frequently,1288,Sales,8,5,Technical Degree,1,455,2,Female,42,3,4,Sales Executive,2,Divorced,8861,15130,0,Y,Yes,14,3,3,80,0,12,0,2,12,12,2,4
30,No,Travel_Frequently,1128,Sales,25,4,Medical,1,456,4,Female,93,1,2,Research Scientist,3,Married,4596,21605,0,Y,No,15,3,1,80,0,9,1,2,7,3,1,1
36,No,Travel_Rarely,1344,Research & Development,1,5,Life Sciences,1,457,3,Female,61,4,1,Manager,2,Single,5687,2813,0,Y,Yes,16,3,4,80,1,16,1,3,10,2,1,3
28,No,Travel_Rarely,1129,Sales,7,3,Medical,1,458,3,Male,81,1,1,Sales Representative,2,Single,4375,21541,1,Y,Yes,11,3,2,80,0,9,0,3,1,1,1,1
32,Yes,Travel_Rarely,1364,Research & Development,3,3,Marketing,1,459,1,Female,87,3,1,Human Resources,2,Married,5448,15066,9,Y,No,16,3,2,80,1,11,2,3,1,1,1,1
26,No,Travel_Rarely,178,Research & Development,8,5,Technical Degree,1,460,4,Male,65,3,2,Research Scientist,1,Married,5936,11322,0,Y,Yes,13,4,3,80,2,8,2,2,8,4,1,8
55,No,Travel_Rarely,739,Research & Development,18,4,Medical,1,461,3,Male,58,3,2,Sales Representative,3,Divorced,8559,26137,0,Y,Yes,11,3,3,80,3,37,5,2,4,1,1,4
37,No,Travel_Rarely,1145,Sales,23,1,Life Sciences,1,462,3,Male,94,3,1,Research Scientist,2,Single,5984,6082,6,Y,Yes,17,3,1,80,1,18,1,3,4,2,2,4
31,No,Travel_Rarely,917,Research & Development,6,4,Marketing,1,463,4,Male,46,4,2,Sales Executive,4,Married,7884,15576,5,Y,No,14,4,3,80,3,13,5,3,3,3,0,1
39,No,Travel_Frequently,347,Sales,16,5,Medical,1,464,3,Male,48,3,2,Sales Representative,1,Divorced,7027,10088,0,Y,No,16,4,1,80,0,21,1,4,7,2,1,1
36,No,Travel_Rarely,578,Research & Development,4,4,Life Sciences,1,465,2,Male,55,3,1,Manufacturing Director,1,Divorced,4440,15231,3,Y,Yes,14,3,4,80,0,18,3,3,1,1,1,0
35,No,Travel_Rarely,546,Research & Development,1,3,Medical,1,466,1,Male,90,2,1,Sales Executive,4,Married,6130,15848,3,Y,Yes,13,3,4,80,1,17,2,1,7,3,1,4
43,No,Travel_Rarely,467,Research & Development,18,4,Life Sciences,1,467,2,Male,96,1,2,Laboratory Technician,1,Married,7370,4322,4,Y,No,15,3,4,80,1,25,4,3,1,1,1,1
44,Yes,Travel_Rarely,581,Research & Development,2,5,Medical,1,468,4,Male,45,1,2,Research Scientist,1,Single,7292,18560,2,Y,Yes,11,3,3,80,0,26,1,4,0,0,0,0
32,Yes,Travel_Rarely,821,Research & Development,1,2,Life Sciences,1,469,1,Male,90,2,2,Healthcare Representative,1,Divorced,6400,17896,9,Y,Yes,15,3,2,80,1,14,5,2,3,3,3,3
32,No,Travel_Rarely,1296,Research & Development,5,4,Medical,1,470,3,Male,48,3,1,Laboratory Technician,4,Single,4105,21258,0,Y,No,21,3,4,80,0,11,0,3,2,0,0,2
35,No,Travel_Rarely,1139,Research & Development,5,3,Other,1,471,2,Male,98,3,3,Human Resources,4,Divorced,9379,4352,1,Y,No,11,3,4,80,1,17,2,3,15,4,1,8
18,No,Travel_Frequently,1269,Research & Development,2,4,Technical Degree,1,472,4,Female,72,3,1,Sales Executive,2,Married,2729,9497,1,Y,No,19,3,1,80,3,0,2,2,0,0,0,0
23,No,Travel_Frequently,1336,Research & Development,16,3,Other,1,473,3,Female,30,2,2,Research Scientist,3,Married,5922,18285,1,Y,No,21,3,3,80,1,3,3,3,1,0,0,1
49,Yes,Travel_Rarely,683,Research & Development,6,2,Other,1,474,4,Female,32,3,1,Laboratory Technician,3,Single,6400,5499,6,Y,No,13,4,2,80,0,30,5,3,6,3,0,1
52,No,Travel_Frequently,585,Research & Development,7,2,Life Sciences,1,475,4,Female,40,4,1,Laboratory Technician,4,Married,6041,18970,2,Y,No,16,3,2,80,1,34,2,3,5,2,2,1
35,Yes,Travel_Frequently,182,Human Resources,4,4,Medical,1,476,4,Male,43,4,1,Research Scientist,1,Married,6350,3564,0,Y,Yes,11,3,3,80,0,16,3,4,0,0,0,0
42,No,Travel_Rarely,1402,Research & Development,7,2,Medical,1,477,1,Female,84,4,1,Healthcare Representative,4,Single,6439,10435,1,Y,No,11,3,4,80,2,24,3,3,0,0,0,0
40,No,Non-Travel,194,Research & Development,14,3,Technical Degree,1,478,2,Male,46,3,3,Sales Representative,1,Married,8556,23181,1,Y,Yes,16,3,2,80,0,19,3,3,19,1,1,0
60,No,Travel_Frequently,1137,Sales,22,4,Life Sciences,1,479,1,Male,98,3,2,Research Director,3,Divorced,8715,21378,8,Y,No,16,4,3,80,0,40,3,3,8,2,0,4
47,No,Travel_Rarely,630,Human Resources,29,3,Other,1,480,3,Female,75,4,1,Manager,1,Married,6675,18152,2,Y,Yes,13,3,4,80,0,27,0,3,3,1,0,3
36,No,Travel_Rarely,1427,Sales,6,3,Medical,1,481,3,Male,78,3,1,Sales Representative,4,Married,5224,23773,3,Y,Yes,12,3,3,80,0,17,2,1,4,4,1,4
28,No,Travel_Rarely,688,Research & Development,29,5,Technical Degree,1,482,2,Female,45,4,1,Laboratory Technician,3,Single,5641,19758,3,Y,No,13,4,4,80,1,9,4,3,2,2,2,1
23,Yes,Travel_Rarely,1243,Sales,4,3,Life Sciences,1,483,1,Female,92,1,2,Manager,3,Married,6293,15029,4,Y,No,18,4,1,80,0,3,2,3,3,3,0,2
39,No,Travel_Frequently,497,Sales,1,3,Life Sciences,1,484,3,Female,77,4,2,Research Scientist,4,Single,7242,26494,3,Y,Yes,18,3,4,80,2,18,4,1,7,0,0,1
30,No,Travel_Rarely,520,Research & Development,14,3,Marketing,1,485,2,Female,91,3,2,Research Scientist,3,Married,6515,19399,1,Y,Yes,17,3,2,80,1,9,4,1,9,8,2,0
24,No,Travel_Frequently,934,Human Resources,3,4,Life Sciences,1,486,3,Male,97,2,1,Research Scientist,4,Divorced,6639,17071,5,Y,No,14,3,4,80,0,4,4,4,1,1,1,1
31,No,Travel_Frequently,1496,Sales,1,5,Technical Degree,1,487,1,Male,39,2,3,Laboratory Technician,2,Married,7545,12277,3,Y,Yes,12,3,2,80,1,12,1,2,12,0,0,0
27,No,Travel_Rarely,825,Research & Development,24,5,Life Sciences,1,488,3,Male,37,4,1,Research Scientist,3,Single,3644,24569,3,Y,No,19,4,3,80,1,9,2,3,1,1,1,0
52,No,Travel_Rarely,1410,Sales,15,4,Medical,1,489,3,Male,86,3,1,Research Director,1,Married,6087,9459,9,Y,No,20,3,2,80,2,31,0,4,2,1,1,2
45,No,Travel_Rarely,1200,Sales,2,3,Life Sciences,1,490,3,Female,91,4,3,Research Scientist,3,Married,10684,2324,4,Y,No,13,3,3,80,1,27,6,3,0,0,0,0
37,No,Travel_Rarely,1214,Research & Development,15,1,Medical,1,491,2,Female,71,2,1,Sales Executive,4,Married,3269,6994,4,Y,No,15,3,2,80,0,18,2,2,1,1,1,1
50,No,Travel_Rarely,711,Research & Development,18,3,Marketing,1,492,2,Female,56,3,2,Laboratory Technician,4,Divorced,6637,4822,8,Y,Yes,11,3,4,80,1,32,2,3,17,2,0,2
38,No,Travel_Rarely,642,Sales,22,2,Life Sciences,1,493,4,Male,76,3,1,Sales Executive,4,Divorced,4920,10039,0,Y,No,17,3,2,80,0,18,2,2,4,4,3,4
29,No,Travel_Rarely,370,Research & Development,8,4,Life Sciences,1,494,3,Male,51,3,1,Sales Executive,2,Married,6136,22663,2,Y,No,21,3,3,80,0,8,0,2,1,1,0,0
51,No,Travel_Frequently,1449,Sales,12,4,Life Sciences,1,495,3,Male,47,3,4,Sales Executive,3,Married,11620,18320,2,Y,No,18,3,1,80,3,30,2,3,22,0,0,3
42,No,Travel_Rarely,1442,Research & Development,14,1,Medical,1,496,3,Male,64,3,3,Laboratory Technician,2,Single,8230,6302,1,Y,No,22,4,4,80,0,22,1,3,15,9,1,1
28,No,Travel_Rarely,1146,Human Resources,12,4,Medical,1,497,1,Female,45,1,2,Laboratory Technician,4,Single,6898,21740,5,Y,No,14,3,3,80,1,8,2,3,8,8,2,6
35,No,Travel_Rarely,516,Research & Development,10,3,Marketing,1,498,4,Male,64,2,4,Manager,2,Married,11650,14652,4,Y,No,11,3,4,80,0,14,5,3,14,3,1,1
29,Yes,Travel_Frequently,445,Research & Development,8,3,Medical,1,499,4,Male,97,1,1,Healthcare Representative,3,Married,3929,14863,3,Y,Yes,20,3,3,80,0,8,3,2,2,2,0,1
25,No,Travel_Rarely,1483,Research & Development,7,4,Medical,1,500,3,Male,89,4,2,Laboratory Technician,4,Married,6284,11112,9,Y,No,16,3,2,80,0,4,3,3,4,0,0,4
45,No,Travel_Rarely,195,Research & Development,29,3,Life Sciences,1,501,4,Female,96,3,2,Research Scientist,4,Married,7805,23627,1,Y,No,12,3,2,80,1,26,2,2,8,5,1,1
54,No,Non-Travel,1280,Sales,5,3,Life Sciences,1,502,2,Female,86,3,2,Research Scientist,3,Single,8858,10022,3,Y,Yes,21,3,4,80,0,35,4,3,14,0,0,0
24,No,Travel_Rarely,599,Research & Development,2,2,Life Sciences,1,503,3,Male,55,3,1,Healthcare Representative,2,Married,3833,4439,2,Y,No,13,3,3,80,0,5,4,3,5,0,0,1
42,No,Travel_Rarely,687,Research & Development,14,3,Other,1,504,4,Male,87,4,2,Sales Executive,3,Single,8023,9633,1,Y,No,12,3,4,80,2,24,5,2,3,2,0,3
31,No,Travel_Rarely,1264,Sales,3,4,Technical Degree,1,505,2,Male,95,1,3,Sales Executive,2,Single,9031,19910,0,Y,No,17,3,1,80,0,12,1,3,10,1,1,1
33,No,Travel_Frequently,229,Sales,8,5,Life Sciences,1,506,1,Male,96,2,1,Manager,3,Divorced,5331,18471,6,Y,No,11,3,3,80,0,12,4,2,2,0,0,2
32,No,Travel_Rarely,597,Human Resources,2,3,Medical,1,507,4,Female,78,3,3,Laboratory Technician,4,Single,7142,6777,2,Y,No,18,3,4,80,2,13,2,3,3,2,2,0
29,No,Travel_Rarely,1432,Research & Development,10,3,Technical Degree,1,508,1,Female,45,4,2,Sales Executive,1,Married,5093,4878,4,Y,Yes,12,3,1,80,3,8,2,3,1,0,0,1
37,No,Travel_Rarely,1079,Sales,27,4,Medical,1,509,4,Male,33,3,2,Research Scientist,3,Single,6409,18553,2,Y,No,16,3,1,80,0,17,2,3,17,1,0,4
30,No,Non-Travel,1157,Sales,13,5,Life Sciences,1,510,1,Male,40,3,1,Research Director,4,Divorced,4974,18939,1,Y,No,16,3,4,80,2,12,3,3,2,0,0,2
39,No,Travel_Rarely,1160,Research & Development,3,3,Life Sciences,1,511,3,Female,98,3,2,Sales Representative,1,Married,7727,11213,1,Y,Yes,16,3,2,80,0,21,3,3,5,1,1,2
37,No,Travel_Rarely,187,Research & Development,29,3,Medical,1,512,2,Male,62,4,2,Healthcare Representative,3,Single,6117,23084,1,Y,No,11,3,3,80,0,17,1,4,3,3,3,0
35,No,Non-Travel,386,Research & Development,4,4,Other,1,513,2,Female,90,3,3,Laboratory Technician,4,Married,8779,26456,9,Y,No,14,3,3,80,2,14,4,3,14,5,1,1
29,No,Travel_Rarely,788,Human Resources,6,3,Marketing,1,514,4,Male,63,3,2,Laboratory Technician,4,Married,7237,7216,0,Y,No,19,3,4,80,2,11,2,4,3,2,1,1
32,No,Non-Travel,616,Sales,7,2,Life Sciences,1,515,4,Male,76,3,3,Human Resources,3,Divorced,8974,16466,9,Y,No,14,3,4,80,0,13,0,3,11,2,1,2
44,No,Non-Travel,676,Research & Development,29,4,Life Sciences,1,516,2,Male,32,4,3,Research Director,1,Single,8872,2227,9,Y,No,12,3,3,80,0,23,2,3,14,0,0,2
42,No,Travel_Frequently,1194,Research & Development,2,2,Marketing,1,517,2,Male,47,3,1,Sales Executive,1,Divorced,5425,19853,9,Y,No,14,3,2,80,0,24,2,4,4,0,0,4
28,No,Travel_Rarely,123,Research & Development,12,3,Technical Degree,1,518,4,Female,61,3,1,Manager,3,Divorced,3402,12412,2,Y,No,11,3,2,80,0,8,1,3,3,1,1,0
38,No,Travel_Rarely,1025,Sales,5,3,Medical,1,519,4,Male,74,2,2,Sales Executive,1,Divorced,8352,6907,8,Y,Yes,11,3,4,80,1,17,1,3,10,2,2,3
44,No,Travel_Frequently,102,Human Resources,2,4,Medical,1,520,3,Male,42,3,5,Sales Executive,1,Married,13459,20828,1,Y,Yes,14,3,3,80,1,26,6,3,17,4,2,2
22,Yes,Non-Travel,190,Research & Development,26,3,Life Sciences,1,521,3,Male,84,3,1,Manufacturing Director,4,Married,2670,22283,0,Y,No,15,3,4,80,0,2,4,3,2,2,1,2
42,No,Travel_Rarely,672,Research & Development,9,3,Technical Degree,1,522,2,Male,56,2,1,Research Scientist,4,Married,6461,4863,1,Y,No,17,3,3,80,1,21,1,3,2,1,0,2
31,No,Travel_Frequently,1277,Research & Development,14,3,Marketing,1,523,4,Male,87,4,3,Research Director,4,Married,8887,3115,7,Y,Yes,16,4,1,80,2,12,3,2,12,0,0,1
42,No,Travel_Rarely,305,Sales,3,4,Life Sciences,1,524,4,Male,37,3,1,Sales Executive,1,Married,6435,10414,0,Y,No,17,3,2,80,0,21,2,3,3,3,2,0
30,No,Travel_Rarely,877,Research & Development,14,2,Marketing,1,525,3,Female,78,3,2,Laboratory Technician,1,Married,6033,17684,2,Y,Yes,15,3,2,80,1,11,2,4,6,1,1,3
21,No,Travel_Rarely,1050,Research & Development,17,3,Life Sciences,1,526,3,Male,51,4,1,Sales Representative,4,Married,3465,21854,0,Y,No,21,3,4,80,3,0,2,3,0,0,0,0
22,No,Travel_Frequently,423,Research & Development,6,2,Life Sciences,1,527,3,Male,86,2,2,Sales Representative,4,Married,5110,15694,1,Y,No,12,3,4,80,0,2,0,3,1,1,1,0
37,No,Travel_Rarely,818,Human Resources,9,4,Life Sciences,1,528,4,Female,58,3,1,Sales Executive,4,Divorced,6934,16558,0,Y,No,14,3,1,80,2,18,2,3,11,4,4,1
39,No,Travel_Rarely,1375,Research & Development,29,3,Life Sciences,1,529,4,Male,77,3,3,Research Scientist,4,Single,8599,22014,5,Y,No,20,3,3,80,1,20,1,3,6,6,0,1
29,No,Non-Travel,818,Research & Development,18,3,Life Sciences,1,530,4,Female,95,4,2,Manufacturing Director,4,Divorced,5476,15265,2,Y,Yes,14,3,4,80,0,8,2,2,8,8,1,3
43,Yes,Travel_Rarely,322,Research & Development,6,3,Medical,1,531,3,Male,31,3,2,Sales Executive,3,Married,7082,17315,6,Y,Yes,15,3,4,80,0,25,4,2,1,1,0,1
22,No,Travel_Rarely,979,Sales,11,4,Medical,1,532,3,Female,31,3,1,Research Director,2,Divorced,3780,14950,3,Y,No,16,3,3,80,1,3,6,1,3,2,2,2
36,No,Travel_Rarely,929,Research & Development,15,3,Medical,1,533,4,Female,84,3,1,Sales Representative,3,Married,6245,24022,9,Y,No,19,4,2,80,1,15,5,3,13,1,0,2
26,No,Travel_Rarely,140,Research & Development,1,4,Life Sciences,1,534,2,Female,75,3,2,Sales Executive,3,Married,6301,7960,2,Y,No,15,3,4,80,1,6,6,3,0,0,0,0
31,Yes,Travel_Rarely,229,Research & Development,9,5,Life Sciences,1,535,3,Female,51,4,1,Sales Executive,2,Divorced,5587,8669,3,Y,Yes,12,4,3,80,0,10,0,2,1,1,1,1
37,No,Non-Travel,321,Research & Development,29,5,Medical,1,536,3,Male,65,1,3,Sales Executive,4,Single,8908,5281,2,Y,Yes,14,3,4,80,1,16,3,2,16,0,0,0
29,Yes,Travel_Rarely,292,Research & Development,27,3,Life Sciences,1,537,4,Female,33,3,1,Sales Representative,1,Divorced,4456,22503,2,Y,Yes,17,3,4,80,0,10,2,3,2,2,1,2
34,No,Travel_Frequently,464,Research & Development,17,5,Life Sciences,1,538,1,Male,43,3,2,Sales Executive,4,Married,6046,12349,5,Y,No,14,4,4,80,0,16,4,3,16,0,0,3
46,Yes,Travel_Rarely,736,Research & Development,2,1,Technical Degree,1,539,2,Male,60,2,1,Research Scientist,1,Married,7155,10758,3,Y,Yes,14,3,4,80,0,26,4,3,1,1,1,1
32,No,Travel_Rarely,621,Research & Development,29,3,Marketing,1,540,2,Male,88,2,2,Laboratory Technician,3,Single,7433,26534,4,Y,No,12,3,4,80,1,13,2,2,3,2,2,2
45,No,Travel_Rarely,1346,Research & Development,9,5,Technical Degree,1,541,2,Male,64,1,2,Laboratory Technician,4,Married,8546,25176,4,Y,No,19,3,1,80,0,26,2,3,10,1,1,2
27,No,Travel_Rarely,957,Sales,3,3,Medical,1,542,2,Male,71,4,2,Sales Executive,1,Married,6980,26301,1,Y,No,15,3,2,80,0,8,2,4,8,0,0,6
42,No,Travel_Rarely,1326,Sales,11,3,Life Sciences,1,543,3,Male,91,4,1,Research Scientist,3,Single,4992,5638,3,Y,No,15,4,1,80,0,22,2,3,6,6,2,6
50,No,Travel_Rarely,838,Research & Development,18,3,Marketing,1,544,4,Male,52,3,2,Research Director,1,Single,8372,24291,1,Y,Yes,17,3,2,80,0,32,6,3,5,4,1,1
18,No,Travel_Rarely,228,Sales,2,4,Life Sciences,1,545,3,Female,79,3,1,Sales Representative,4,Single,4669,10281,2,Y,Yes,11,3,1,80,0,0,4,3,0,0,0,0
30,No,Travel_Rarely,749,Sales,23,3,Medical,1,546,2,Female,90,3,1,Manager,4,Divorced,5355,2409,3,Y,No,15,3,3,80,1,10,2,3,2,1,1,2
42,No,Travel_Rarely,1250,Research & Development,24,4,Life Sciences,1,547,4,Male,44,3,3,Sales Executive,4,Divorced,9445,11839,9,Y,No,20,3,1,80,1,24,2,3,4,4,1,4
35,No,Travel_Rarely,373,Research & Development,1,5,Technical Degree,1,548,3,Male,55,4,2,Research Scientist,4,Married,8380,14776,0,Y,No,15,3,3,80,1,15,1,3,1,1,1,1
40,No,Non-Travel,229,Research & Development,22,4,Life Sciences,1,549,2,Male,99,2,3,Manufacturing Director,4,Married,9346,4789,0,Y,No,16,3,4,80,1,19,6,1,6,1,1,3
32,No,Travel_Rarely,562,Human Resources,27,2,Human Resources,1,550,2,Male,99,3,1,Research Scientist,1,Married,5818,15485,0,Y,No,16,3,4,80,0,12,4,2,2,0,0,2
38,No,Travel_Rarely,645,Research & Development,1,5,Technical Degree,1,551,4,Male,46,3,1,Sales Representative,2,Married,5480,22503,1,Y,No,18,3,4,80,3,19,3,3,3,1,1,3
36,No,Non-Travel,530,Research & Development,4,3,Medical,1,552,4,Male,35,4,1,Manufacturing Director,3,Divorced,4783,11499,4,Y,Yes,16,3,2,80,0,16,3,3,4,0,0,2
48,Yes,Travel_Frequently,291,Sales,5,2,Marketing,1,553,3,Male,49,3,1,Sales Executive,3,Divorced,6895,10877,5,Y,No,22,3,3,80,1,29,3,3,0,0,0,0
39,No,Travel_Rarely,452,Research & Development,5,2,Medical,1,554,1,Female,58,4,1,Sales Representative,4,Married,5907,10532,3,Y,Yes,16,3,2,80,3,19,2,2,1,0,0,1
40,No,Travel_Rarely,1055,Research & Development,14,3,Technical Degree,1,555,4,Male,61,4,1,Research Director,2,Divorced,5757,25084,6,Y,No,14,3,3,80,1,21,5,2,8,2,1,3
33,Yes,Travel_Rarely,641,Research & Development,5,2,Medical,1,556,2,Male,73,3,1,Sales Executive,1,Single,4243,3308,1,Y,Yes,20,4,3,80,0,14,2,3,4,2,2,4
33,No,Travel_Rarely,986,Research & Development,29,2,Marketing,1,557,4,Male,93,4,4,Laboratory Technician,3,Divorced,11129,13179,0,Y,No,14,3,1,80,0,14,1,3,14,1,1,1
33,Yes,Travel_Frequently,851,Research & Development,29,3,Medical,1,558,3,Male,53,3,1,Research Scientist,1,Single,4365,8684,0,Y,Yes,13,3,2,80,0,15,2,3,8,3,1,3
41,No,Travel_Frequently,869,Sales,4,3,Other,1,559,2,Male,89,3,2,Research Scientist,4,Married,7902,24354,5,Y,No,11,3,4,80,1,21,3,3,0,0,0,0
33,No,Travel_Rarely,449,Research & Development,7,3,Medical,1,560,2,Female,37,3,2,Sales Executive,3,Married,5762,4486,3,Y,No,16,3,4,80,1,13,2,4,7,5,5,1
40,Yes,Non-Travel,831,Research & Development,8,4,Medical,1,561,1,Male,33,2,2,Laboratory Technician,4,Married,6442,12341,3,Y,Yes,14,3,3,80,1,19,3,3,1,1,1,1
56,No,Travel_Rarely,135,Research & Development,9,4,Marketing,1,562,2,Male,65,3,2,Research Director,1,Single,8634,12226,1,Y,Yes,13,3,2,80,0,35,4,3,11,3,0,2
45,No,Travel_Rarely,705,Sales,5,3,Technical Degree,1,563,1,Female,34,3,4,Laboratory Technician,4,Divorced,11583,24219,1,Y,Yes,13,3,3,80,2,24,3,1,24,4,2,3
34,Yes,Travel_Frequently,902,Human Resources,3,3,Medical,1,564,3,Female,57,3,1,Sales Executive,1,Single,5093,7461,8,Y,Yes,14,3,1,80,1,14,3,3,5,5,0,1
48,No,Travel_Rarely,356,Human Resources,2,5,Life Sciences,1,565,3,Female,93,4,3,Manufacturing Director,2,Married,9378,18155,0,Y,No,17,4,4,80,0,30,2,3,8,5,4,3
33,No,Travel_Frequently,460,Sales,2,1,Medical,1,566,3,Male,47,4,1,Research Scientist,3,Single,5811,5441,4,Y,No,16,3,4,80,0,14,2,3,2,2,1,2
19,Yes,Non-Travel,409,Research & Development,22,4,Other,1,567,3,Female,79,3,2,Sales Representative,1,Single,5711,25853,1,Y,Yes,15,4,1,80,1,0,2,3,0,0,0,0
28,Yes,Travel_Rarely,201,Research & Development,4,2,Marketing,1,568,4,Male,51,3,1,Laboratory Technician,1,Married,4755,16863,0,Y,Yes,17,3,2,80,1,10,2,3,10,2,0,1
20,No,Travel_Rarely,588,Human Resources,2,5,Technical Degree,1,569,4,Male,33,3,1,Sales Executive,1,Married,3834,17691,3,Y,No,15,3,3,80,0,2,5,2,1,1,1,1
34,Yes,Travel_Rarely,1470,Research & Development,10,3,Life Sciences,1,570,2,Male,69,3,1,Sales Executive,3,Single,4342,12897,1,Y,No,16,3,2,80,0,14,4,3,2,2,2,2
37,No,Travel_Rarely,596,Research & Development,2,3,Medical,1,571,3,Male,88,2,1,Healthcare Representative,4,Single,6141,10619,3,Y,No,13,3,4,80,1,18,1,2,4,0,0,1
52,No,Travel_Rarely,745,Research & Development,2,4,Medical,1,572,1,Male,59,3,2,Research Scientist,3,Married,7806,7391,3,Y,No,13,3,4,80,0,34,4,3,9,1,1,1
40,No,Travel_Rarely,1014,Research & Development,10,3,Technical Degree,1,573,1,Male,73,3,1,Healthcare Representative,3,Married,6758,17136,2,Y,No,15,4,2,80,0,20,3,4,3,3,3,3
35,No,Travel_Frequently,1008,Sales,9,3,Life Sciences,1,574,3,Female,93,2,4,Sales Executive,2,Divorced,9820,25867,4,Y,Yes,15,3,1,80,2,16,5,4,16,2,1,4
44,No,Travel_Rarely,1429,Research & Development,1,3,Technical Degree,1,575,3,Female,85,3,2,Research Scientist,1,Single,7698,11055,2,Y,Yes,18,3,4,80,1,23,2,3,1,1,1,1
18,Yes,Travel_Rarely,1300,Sales,7,4,Medical,1,576,4,Female,44,3,1,Laboratory Technician,1,Married,3856,24089,1,Y,No,16,3,3,80,1,0,3,3,0,0,0,0
39,No,Travel_Rarely,1211,Sales,6,1,Life Sciences,1,577,3,Male,81,2,2,Research Director,4,Single,7190,5799,3,Y,No,14,3,3,80,1,21,2,3,9,3,1,1
44,Yes,Travel_Frequently,1431,Research & Development,8,1,Life Sciences,1,578,1,Female,65,3,2,Research Director,1,Single,8066,25408,2,Y,No,11,3,2,80,1,24,1,3,2,2,0,2
24,No,Travel_Rarely,424,Research & Development,13,3,Life Sciences,1,579,4,Male,82,2,1,Sales Executive,4,Married,4752,10823,0,Y,No,18,3,1,80,1,4,0,1,4,2,0,1
47,Yes,Travel_Rarely,964,Research & Development,4,2,Medical,1,580,1,Female,65,3,2,Research Scientist,1,Married,8269,11551,6,Y,Yes,16,3,3,80,3,28,1,2,1,1,1,1
40,No,Travel_Frequently,1341,Research & Development,6,4,Life Sciences,1,581,2,Male,39,4,1,Sales Executive,3,Single,4469,13621,2,Y,No,18,3,3,80,0,19,2,3,0,0,0,0
33,No,Travel_Rarely,974,Research & Development,15,2,Life Sciences,1,582,2,Female,70,4,2,Laboratory Technician,4,Single,5623,19982,5,Y,Yes,16,4,2,80,0,12,2,1,1,0,0,0
43,No,Travel_Rarely,1467,Sales,24,3,Technical Degree,1,583,4,Male,64,3,3,Laboratory Technician,2,Single,8255,20017,5,Y,Yes,20,3,1,80,0,23,3,4,19,2,0,8
57,No,Travel_Frequently,242,Research & Development,21,2,Life Sciences,1,584,3,Female,66,4,2,Sales Representative,4,Divorced,8365,14038,1,Y,No,14,3,3,80,1,37,3,3,6,2,1,5
39,No,Travel_Rarely,716,Human Resources,7,3,Life Sciences,1,585,3,Female,92,2,2,Research Director,2,Divorced,8892,15123,2,Y,Yes,15,3,4,80,1,20,5,2,11,1,1,6
39,No,Non-Travel,1467,Research & Development,8,2,Medical,1,586,4,Male,93,2,1,Research Scientist,2,Single,5281,2841,1,Y,No,17,3,2,80,0,19,2,3,3,3,1,3
33,No,Travel_Rarely,632,Research & Development,8,1,Medical,1,587,3,Male,62,1,2,Laboratory Technician,2,Single,8401,9673,1,Y,Yes,18,3,4,80,0,14,5,3,6,4,4,2
29,No,Travel_Rarely,1135,Research & Development,19,2,Marketing,1,588,4,Female,62,2,1,Sales Representative,4,Divorced,4573,10712,6,Y,No,16,3,2,80,0,10,3,4,5,1,0,5
44,No,Travel_Frequently,144,Human Resources,17,5,Medical,1,589,3,Male,66,3,4,Manager,2,Divorced,11168,16009,4,Y,Yes,11,4,2,80,0,23,2,2,20,1,1,1
29,No,Travel_Rarely,1073,Sales,4,2,Marketing,1,590,4,Female,66,4,1,Sales Executive,2,Married,5077,15998,0,Y,Yes,11,3,4,80,3,10,3,3,10,10,2,0
38,No,Travel_Frequently,1408,Research & Development,3,4,Medical,1,591,4,Male,97,2,2,Research Scientist,4,Single,6727,19774,2,Y,No,14,3,3,80,1,17,3,3,9,1,1,5
33,Yes,Travel_Frequently,637,Research & Development,5,2,Life Sciences,1,592,3,Male,75,3,1,Laboratory Technician,2,Single,4942,19952,9,Y,Yes,15,4,2,80,0,12,1,3,0,0,0,0
41,No,Travel_Frequently,132,Research & Development,4,2,Life Sciences,1,593,3,Male,49,3,1,Research Scientist,3,Married,4038,7952,2,Y,No,11,3,1,80,0,20,3,3,6,2,2,6
40,No,Non-Travel,141,Sales,28,3,Medical,1,594,4,Male,67,3,3,Sales Executive,4,Married,8289,21276,4,Y,Yes,15,3,1,80,0,20,3,2,4,4,0,3
46,No,Travel_Rarely,1348,Research & Development,4,3,Life Sciences,1,595,3,Female,74,3,3,Sales Executive,2,Single,8055,2582,4,Y,Yes,17,3,4,80,1,25,6,3,18,4,0,4
32,No,Travel_Frequently,1111,Sales,3,5,Marketing,1,596,3,Male,75,3,1,Manufacturing Director,2,Married,5420,19930,1,Y,Yes,15,3,1,80,0,13,5,3,2,2,1,1
35,No,Travel_Rarely,251,Research & Development,22,5,Medical,1,597,4,Male,71,2,1,Research Scientist,4,Single,3909,4636,1,Y,Yes,16,3,1,80,3,15,3,2,2,2,2,2
28,Yes,Travel_Rarely,178,Research & Development,2,4,Life Sciences,1,598,3,Male,42,3,1,Sales Executive,2,Divorced,5649,20266,3,Y,Yes,17,3,2,80,1,9,3,2,4,4,3,0
33,Yes,Travel_Frequently,1226,Sales,4,3,Life Sciences,1,599,1,Male,32,1,3,Research Scientist,2,Single,8725,15222,2,Y,Yes,11,3,3,80,1,13,5,2,2,2,1,2
40,No,Travel_Rarely,1233,Research & Development,6,3,Life Sciences,1,600,2,Female,54,3,1,Manager,3,Single,6248,12984,2,Y,Yes,17,3,4,80,2,21,5,3,1,1,1,1
44,No,Travel_Rarely,270,Sales,9,3,Medical,1,601,3,Female,60,3,3,Sales Representative,4,Married,8963,19295,3,Y,No,13,3,2,80,1,26,4,2,14,2,0,4
29,No,Travel_Rarely,523,Research & Development,5,5,Medical,1,602,1,Male,34,3,2,Laboratory Technician,1,Married,5581,3000,4,Y,No,14,3,3,80,0,11,3,3,6,4,4,1
45,No,Travel_Rarely,1192,Research & Development,7,3,Medical,1,603,3,Female,87,3,3,Research Scientist,2,Divorced,9282,7660,1,Y,Yes,13,3,1,80,1,27,1,3,14,3,3,0
49,No,Non-Travel,836,Sales,3,3,Life Sciences,1,604,4,Female,54,3,2,Human Resources,2,Married,8851,17446,0,Y,No,18,3,3,80,1,30,4,4,12,1,1,2
41,No,Travel_Rarely,1438,Sales,9,3,Medical,1,605,2,Male,94,3,1,Sales Executive,2,Single,7172,23194,1,Y,Yes,11,4,2,80,0,21,2,3,2,0,0,1
54,No,Travel_Rarely,774,Human Resources,6,1,Technical Degree,1,606,1,Female,41,3,1,Sales Executive,3,Married,6847,11585,2,Y,Yes,19,3,2,80,0,33,3,4,6,3,3,4
30,No,Travel_Frequently,1048,Sales,18,5,Life Sciences,1,607,4,Male,34,3,1,Research Scientist,2,Single,3467,8538,1,Y,Yes,22,3,3,80,0,9,2,1,1,1,1,1
26,No,Travel_Rarely,814,Sales,6,3,Medical,1,608,3,Male,64,4,2,Sales Executive,3,Divorced,5382,15013,2,Y,No,11,4,4,80,0,7,2,3,7,2,2,1
21,Yes,Travel_Rarely,1419,Research & Development,6,3,Other,1,609,2,Female,43,4,2,Research Scientist,3,Married,4569,17593,0,Y,Yes,13,3,4,80,0,2,2,1,2,2,1,2
50,No,Travel_Rarely,659,Research & Development,9,2,Life Sciences,1,610,4,Male,96,3,1,Sales Representative,2,Married,6177,12557,2,Y,No,17,4,3,80,3,31,4,3,4,2,2,1
43,No,Travel_Rarely,423,Research & Development,2,4,Medical,1,611,3,Female,31,1,3,Manufacturing Director,2,Single,9098,23928,1,Y,No,12,3,1,80,1,24,3,3,3,0,0,1
36,No,Travel_Rarely,558,Sales,3,1,Life Sciences,1,612,2,Female,59,3,2,Research Scientist,1,Married,6691,15130,2,Y,No,14,3,2,80,1,15,2,3,4,1,1,4
40,Yes,Travel_Frequently,1293,Sales,15,4,Medical,1,613,2,Male,95,2,1,Research Director,1,Divorced,4541,2986,1,Y,Yes,16,3,3,80,1,20,3,3,2,1,1,1
27,No,Travel_Rarely,798,Sales,4,2,Life Sciences,1,614,1,Female,57,3,1,Sales Executive,3,Divorced,3341,7649,1,Y,Yes,13,3,4,80,1,6,6,2,3,1,1,0
59,No,Non-Travel,597,Sales,11,5,Other,1,615,4,Male,37,2,1,Sales Executive,3,Single,7075,13317,6,Y,Yes,15,4,4,80,3,40,2,3,11,3,2,1
38,No,Travel_Frequently,862,Research & Development,2,4,Marketing,1,616,3,Male,51,3,3,Laboratory Technician,1,Single,9388,19471,1,Y,No,18,3,3,80,0,20,3,4,13,2,1,2
38,No,Travel_Rarely,288,Research & Development,17,2,Marketing,1,617,3,Female,65,2,1,Manufacturing Director,3,Divorced,4212,7567,3,Y,No,15,3,2,80,1,17,2,2,3,1,1,2
44,No,Travel_Rarely,109,Sales,29,3,Marketing,1,618,4,Female,43,4,1,Sales Executive,4,Divorced,6259,26408,6,Y,No,12,3,4,80,0,26,5,4,4,0,0,1
41,No,Travel_Rarely,494,Research & Development,5,3,Medical,1,619,1,Male,63,2,2,Research Scientist,1,Single,8197,10028,2,Y,No,18,3,2,80,2,23,2,2,14,1,1,5
39,No,Travel_Rarely,947,Research & Development,7,2,Medical,1,620,1,Male,89,3,1,Manufacturing Director,3,Married,3535,15355,5,Y,No,19,3,3,80,2,20,6,3,0,0,0,0
30,No,Non-Travel,1096,Human Resources,6,4,Technical Degree,1,621,2,Female,91,4,3,Healthcare Representative,4,Married,9381,2566,0,Y,No,16,3,2,80,2,9,2,4,9,2,1,2
41,No,Travel_Rarely,1257,Human Resources,21,3,Other,1,622,1,Female,33,2,1,Manufacturing Director,1,Divorced,6042,24132,2,Y,No,12,4,2,80,0,21,1,2,2,2,2,1
54,No,Travel_Rarely,1397,Research & Development,1,3,Medical,1,623,3,Female,41,4,1,Research Scientist,4,Single,7205,21740,2,Y,No,12,3,1,80,0,33,2,3,8,6,3,3
49,No,Travel_Rarely,678,Sales,11,2,Other,1,624,3,Male,49,3,2,Sales Executive,4,Single,7103,6962,0,Y,No,11,3,3,80,0,29,2,3,6,2,1,6
51,Yes,Travel_Rarely,1137,Sales,11,3,Medical,1,625,2,Male,72,4,1,Laboratory Technician,1,Married,6910,25336,1,Y,Yes,13,3,3,80,0,31,3,3,6,4,4,2
32,No,Travel_Rarely,206,Research & Development,5,4,Medical,1,626,1,Male,55,4,3,Sales Executive,4,Single,9162,9960,1,Y,No,18,3,4,80,1,13,2,3,13,1,0,13
28,Yes,Travel_Rarely,182,Sales,3,3,Medical,1,627,1,Female,89,2,1,Research Director,2,Married,3919,19333,3,Y,Yes,13,3,4,80,0,8,2,3,1,1,1,1
36,No,Travel_Rarely,276,Research & Development,3,5,Life Sciences,1,628,4,Male,80,3,2,Laboratory Technician,1,Married,7424,22491,7,Y,No,12,3,4,80,1,15,3,4,3,1,1,0
38,No,Travel_Rarely,729,Research & Development,16,5,Life Sciences,1,629,3,Male,37,2,2,Research Scientist,3,Married,6849,20546,0,Y,Yes,18,3,1,80,0,17,4,2,5,5,0,1
47,No,Travel_Rarely,397,Research & Development,2,2,Life Sciences,1,630,3,Female,74,2,3,Healthcare Representative,1,Married,9226,24946,1,Y,Yes,18,4,3,80,2,29,4,3,12,0,0,2
22,No,Travel_Frequently,503,Research & Development,8,2,Medical,1,631,2,Male,38,2,1,Laboratory Technician,3,Married,3803,23619,1,Y,No,13,3,3,80,0,2,3,3,2,2,1,1
51,No,Travel_Rarely,1007,Research & Development,4,4,Life Sciences,1,632,3,Female,48,2,2,Research Scientist,1,Single,8295,26865,2,Y,No,17,3,4,80,0,32,5,4,11,0,0,0
36,Yes,Travel_Rarely,603,Research & Development,4,3,Medical,1,633,1,Female,42,3,2,Manager,4,Married,6718,6642,4,Y,Yes,12,3,2,80,1,17,3,1,4,4,3,2
33,No,Travel_Rarely,881,Research & Development,7,1,Other,1,634,4,Female,42,3,1,Sales Representative,3,Divorced,4127,9684,1,Y,No,14,3,1,80,1,12,0,4,1,1,1,1
28,No,Travel_Rarely,678,Sales,22,3,Life Sciences,1,635,4,Male,73,3,2,Manufacturing Director,3,Married,6554,17939,0,Y,No,11,3,2,80,0,8,2,3,8,3,1,0
22,No,Non-Travel,338,Research & Development,10,3,Medical,1,636,3,Male,69,3,1,Sales Executive,1,Single,4488,20351,3,Y,No,16,3,4,80,2,3,2,3,1,1,1,1
44,No,Travel_Rarely,205,Sales,15,4,Life Sciences,1,637,3,Female,42,4,3,Laboratory Technician,2,Single,9437,15408,5,Y,No,15,3,4,80,1,24,2,3,5,1,0,5
38,No,Travel_Rarely,432,Research & Development,9,2,Life Sciences,1,638,3,Female,99,1,2,Healthcare Representative,1,Single,5746,3935,2,Y,No,13,3,3,80,2,18,4,3,0,0,0,0
25,No,Travel_Frequently,183,Research & Development,12,2,Marketing,1,639,2,Female,60,1,1,Sales Executive,4,Married,3892,23054,2,Y,No,15,3,4,80,2,7,4,3,3,3,2,3
25,No,Travel_Frequently,966,Research & Development,6,5,Medical,1,640,2,Male,37,3,1,Research Scientist,1,Married,3605,26025,0,Y,No,14,3,1,80,1,6,2,3,6,0,0,3
34,No,Travel_Rarely,1214,Research & Development,24,4,Marketing,1,641,3,Female,38,4,1,Sales Representative,3,Married,6465,12193,1,Y,No,13,3,2,80,3,16,2,3,6,6,3,2
52,No,Travel_Rarely,577,Research & Development,7,3,Life Sciences,1,642,1,Female,71,3,2,Sales Executive,2,Single,8334,7693,1,Y,Yes,16,3,4,80,2,33,3,3,4,3,2,1
35,No,Travel_Frequently,643,Research & Development,8,4,Medical,1,643,1,Female,99,3,2,Healthcare Representative,3,Single,6576,2575,1,Y,No,14,3,2,80,3,15,6,2,4,4,0,1
23,No,Travel_Rarely,1242,Sales,8,3,Life Sciences,1,644,3,Female,70,3,1,Laboratory Technician,3,Married,3673,8004,7,Y,No,15,3,2,80,2,4,0,3,2,1,1,2
35,No,Travel_Frequently,413,Research & Development,4,4,Life Sciences,1,645,4,Female,96,1,1,Laboratory Technician,3,Married,4820,19525,2,Y,No,11,3,4,80,2,14,2,3,4,2,0,1
35,No,Travel_Frequently,268,Research & Development,3,3,Life Sciences,1,646,4,Female,61,3,3,Sales Executive,3,Single,9201,24797,1,Y,No,15,3,3,80,0,15,6,3,15,6,1,1
18,No,Travel_Frequently,802,Research & Development,2,3,Life Sciences,1,647,1,Male,61,3,2,Manager,3,Married,4136,4423,1,Y,No,14,3,4,80,0,0,5,3,0,0,0,0
37,No,Travel_Rarely,1005,Human Resources,12,4,Life Sciences,1,648,1,Male,65,3,1,Research Scientist,4,Single,5504,15873,1,Y,No,13,3,1,80,3,19,2,3,1,1,1,1
35,No,Travel_Frequently,940,Sales,4,3,Life Sciences,1,649,3,Male,79,3,1,Laboratory Technician,4,Divorced,4756,19416,2,Y,No,17,3,2,80,1,17,0,3,0,0,0,0
43,No,Travel_Rarely,1099,Research & Development,5,5,Other,1,650,4,Male,56,3,2,Manufacturing Director,3,Divorced,7785,8977,1,Y,No,11,3,2,80,0,23,3,3,19,1,1,3
54,Yes,Travel_Frequently,181,Research & Development,24,3,Life Sciences,1,651,4,Male,90,3,1,Healthcare Representative,4,Single,7319,16287,1,Y,Yes,14,3,4,80,0,36,4,3,5,3,0,2
47,No,Travel_Rarely,700,Research & Development,9,5,Life Sciences,1,652,4,Male,32,3,2,Research Director,4,Single,7204,19907,2,Y,No,16,3,2,80,1,27,2,3,5,4,3,5
35,No,Travel_Rarely,435,Sales,2,5,Life Sciences,1,653,3,Male,61,3,1,Laboratory Technician,3,Married,3905,22957,1,Y,No,21,3,2,80,1,15,5,2,11,3,1,2
27,Yes,Travel_Rarely,1162,Research & Development,15,3,Medical,1,654,2,Male,66,2,3,Research Scientist,1,Single,7716,13364,0,Y,No,11,3,1,80,0,7,2,4,3,0,0,2
60,No,Travel_Rarely,1321,Research & Development,4,4,Life Sciences,1,655,1,Female,72,2,2,Research Director,3,Married,9830,20719,0,Y,No,15,3,4,80,0,40,3,3,5,2,2,5
38,No,Travel_Rarely,495,Sales,8,3,Technical Degree,1,656,1,Female,49,3,2,Manufacturing Director,2,Divorced,7709,9610,1,Y,No,17,4,2,80,1,18,3,3,18,1,1,4
37,No,Non-Travel,235,Research & Development,7,5,Other,1,657,3,Male,60,3,2,Research Scientist,3,Married,6818,7400,0,Y,Yes,15,3,1,80,0,19,2,2,8,2,0,0
37,No,Travel_Rarely,456,Research & Development,3,3,Life Sciences,1,658,1,Female,64,3,1,Sales Executive,3,Divorced,4572,6759,1,Y,No,11,3,3,80,1,16,2,1,1,1,1,1
39,No,Travel_Frequently,247,Research & Development,2,4,Medical,1,659,4,Male,78,2,1,Manager,3,Married,4953,11032,4,Y,No,14,4,3,80,1,20,2,3,1,1,1,1
36,No,Travel_Rarely,552,Research & Development,3,3,Life Sciences,1,660,3,Male,84,4,2,Research Scientist,3,Single,6002,2988,3,Y,No,11,3,2,80,1,18,4,3,2,0,0,2
32,No,Travel_Rarely,854,Research & Development,2,3,Medical,1,661,1,Male,82,2,2,Manufacturing Director,3,Married,7188,9142,2,Y,No,15,3,1,80,0,12,1,4,10,7,2,2
32,Yes,Travel_Rarely,1462,Research & Development,4,2,Medical,1,662,4,Male,54,4,2,Laboratory Technician,1,Married,7334,18338,5,Y,Yes,11,3,4,80,0,12,3,2,2,2,2,2
37,Yes,Travel_Rarely,660,Research & Development,29,3,Life Sciences,1,663,3,Female,100,3,1,Sales Executive,1,Married,4770,18230,1,Y,Yes,16,3,1,80,1,16,3,1,0,0,0,0
32,No,Non-Travel,409,Sales,6,4,Life Sciences,1,664,4,Female,89,2,2,Manufacturing Director,3,Single,6319,3926,5,Y,Yes,13,4,1,80,1,14,3,1,14,0,0,2
31,Yes,Travel_Rarely,335,Sales,19,3,Medical,1,665,4,Male,48,3,2,Sales Executive,3,Single,6001,9252,1,Y,Yes,13,4,2,80,0,12,5,2,1,1,1,1
38,No,Travel_Rarely,344,Research & Development,8,4,Medical,1,666,2,Male,44,2,2,Research Scientist,4,Divorced,6840,16279,1,Y,No,15,3,4,80,0,20,3,3,0,0,0,0
35,No,Travel_Rarely,371,Research & Development,11,3,Life Sciences,1,667,3,Male,52,3,1,Laboratory Technician,1,Single,4412,10028,1,Y,Yes,16,3,1,80,2,15,3,3,2,2,2,2
51,No,Non-Travel,1167,Sales,3,3,Marketing,1,668,1,Male,62,4,2,Laboratory Technician,1,Divorced,8036,12504,0,Y,Yes,18,3,4,80,3,32,3,3,2,0,0,2
18,No,Travel_Rarely,187,Research & Development,4,1,Medical,1,669,4,Male,90,3,3,Healthcare Representative,3,Divorced,8029,19847,9,Y,No,14,3,4,80,0,0,3,2,0,0,0,0
47,No,Travel_Rarely,1495,Research & Development,7,4,Technical Degree,1,670,3,Male,84,3,4,Manager,3,Divorced,11907,2325,0,Y,No,15,3,3,80,0,27,1,2,18,0,0,1
48,No,Travel_Rarely,832,Sales,20,5,Life Sciences,1,671,4,Female,90,4,2,Healthcare Representative,2,Married,7329,8978,1,Y,Yes,11,3,2,80,0,30,4,2,15,1,1,1
18,No,Travel_Rarely,862,Research & Development,1,3,Marketing,1,672,2,Female,49,3,2,Sales Executive,3,Married,5721,5640,1,Y,No,19,3,3,80,0,0,0,3,0,0,0,0
34,No,Travel_Rarely,602,Sales,7,1,Medical,1,673,3,Male,72,3,2,Sales Executive,1,Divorced,7237,5272,0,Y,No,12,4,4,80,0,14,3,3,4,4,1,3
34,No,Travel_Frequently,1066,Research & Development,1,2,Life Sciences,1,674,4,Female,50,4,1,Laboratory Technician,1,Single,4328,25979,0,Y,No,17,3,4,80,1,16,3,3,6,0,0,3
24,No,Travel_Rarely,761,Research & Development,6,4,Marketing,1,675,3,Male,38,2,1,Research Director,1,Married,4313,11472,0,Y,No,17,3,4,80,1,5,2,4,2,2,2,1
30,Yes,Travel_Rarely,562,Research & Development,10,4,Medical,1,676,1,Male,78,3,1,Manager,3,Married,5491,15221,1,Y,No,16,3,2,80,0,9,0,3,0,0,0,0
27,No,Travel_Rarely,472,Sales,13,4,Other,1,677,3,Male,40,3,1,Manager,4,Married,4164,20370,5,Y,No,14,4,3,80,2,7,1,3,7,7,0,5
53,No,Travel_Rarely,1395,Research & Development,2,3,Life Sciences,1,678,2,Female,77,1,2,Research Scientist,2,Married,6626,3276,1,Y,No,14,3,1,80,1,33,2,3,1,1,1,0
45,No,Travel_Rarely,509,Research & Development,3,4,Medical,1,679,1,Female,75,3,3,Laboratory Technician,1,Married,7466,8097,0,Y,No,15,3,3,80,1,26,4,4,2,1,1,2
48,No,Non-Travel,712,Research & Development,7,4,Life Sciences,1,680,2,Female,87,3,2,Laboratory Technician,4,Married,8249,22819,3,Y,No,11,3,3,80,3,30,4,3,4,3,3,4
43,No,Travel_Frequently,591,Sales,29,3,Other,1,681,2,Male,40,2,2,Sales Executive,4,Divorced,7525,23562,9,Y,No,15,4,2,80,1,23,1,3,5,0,0,2
27,No,Travel_Frequently,222,Research & Development,5,3,Life Sciences,1,682,4,Female,85,3,1,Sales Executive,1,Single,4590,11382,1,Y,Yes,19,4,1,80,3,8,2,3,0,0,0,0
32,No,Travel_Frequently,362,Research & Development,6,2,Other,1,683,2,Male,100,4,1,Research Director,2,Divorced,5151,11430,1,Y,No,14,3,2,80,0,12,4,4,1,1,1,1
41,Yes,Travel_Rarely,367,Research & Development,6,3,Human Resources,1,684,4,Female,90,4,1,Research Scientist,1,Married,4456,20945,9,Y,Yes,15,3,3,80,0,23,2,3,3,0,0,3
26,No,Travel_Rarely,1071,Research & Development,2,5,Life Sciences,1,685,1,Male,83,2,1,Research Scientist,1,Divorced,3555,9443,0,Y,No,12,3,4,80,1,5,6,3,5,1,1,0
43,No,Travel_Rarely,670,Research & Development,14,3,Technical Degree,1,686,1,Male,76,2,1,Sales Executive,3,Married,6138,5010,2,Y,No,16,3,3,80,1,25,2,4,2,0,0,2
35,No,Travel_Rarely,1194,Research & Development,4,4,Other,1,687,1,Male,60,3,2,Research Director,4,Married,7549,8508,1,Y,No,13,4,4,80,0,17,3,4,4,1,0,0
34,No,Travel_Rarely,1092,Sales,12,3,Life Sciences,1,688,2,Female,81,3,1,Laboratory Technician,3,Single,4874,11741,7,Y,No,18,3,2,80,1,16,2,2,6,3,1,1
43,No,Travel_Rarely,370,Research & Development,7,2,Medical,1,689,2,Male,81,4,3,Manufacturing Director,4,Divorced,8174,3394,9,Y,No,18,3,1,80,0,24,1,4,15,2,1,1
41,No,Travel_Rarely,888,Sales,10,3,Medical,1,690,3,Female,74,4,1,Sales Representative,3,Single,5752,14016,4,Y,Yes,19,3,2,80,1,21,2,3,3,1,1,1
34,No,Travel_Frequently,1140,Research & Development,1,3,Life Sciences,1,691,4,Male,86,3,1,Research Scientist,4,Divorced,4881,20524,1,Y,Yes,11,3,2,80,0,13,3,1,1,0,0,1
47,Yes,Travel_Frequently,986,Sales,21,3,Life Sciences,1,692,2,Female,61,3,2,Manufacturing Director,2,Divorced,6993,14889,1,Y,Yes,17,3,3,80,1,28,2,3,5,1,1,5
27,Yes,Non-Travel,940,Research & Development,4,2,Life Sciences,1,693,1,Female,38,2,1,Sales Executive,1,Single,2933,3885,1,Y,Yes,17,3,4,80,1,9,3,3,9,0,0,1
43,No,Travel_Rarely,1135,Sales,11,3,Life Sciences,1,694,2,Female,69,1,2,Sales Executive,4,Single,7817,13056,6,Y,No,14,3,3,80,3,22,2,3,1,1,1,1
42,No,Travel_Rarely,181,Research & Development,15,2,Medical,1,695,4,Male,49,3,1,Manager,2,Married,5226,19749,6,Y,No,19,3,3,80,0,24,2,4,4,0,0,2
34,No,Travel_Rarely,1124,Research & Development,8,2,Life Sciences,1,696,3,Male,57,3,1,Healthcare Representative,2,Single,5229,3541,1,Y,No,16,3,1,80,3,16,2,3,0,0,0,0
40,No,Travel_Rarely,483,Sales,5,3,Technical Degree,1,697,4,Male,31,4,1,Research Scientist,3,Divorced,5680,3584,3,Y,No,19,4,1,80,0,22,2,3,0,0,0,0
26,No,Travel_Rarely,901,Sales,29,3,Marketing,1,698,1,Female,57,3,1,Research Scientist,2,Single,3282,11324,0,Y,Yes,11,3,1,80,1,5,2,4,5,1,1,0
45,No,Travel_Rarely,441,Sales,4,5,Life Sciences,1,699,1,Male,87,1,1,Laboratory Technician,3,Single,6134,6950,1,Y,No,13,3,4,80,0,25,2,4,2,2,2,2
35,No,Travel_Rarely,1274,Research & Development,28,3,Medical,1,700,1,Male,68,3,1,Sales Executive,2,Divorced,4472,25375,2,Y,No,15,3,3,80,2,17,3,2,13,2,2,4
32,No,Travel_Rarely,773,Research & Development,3,4,Medical,1,701,4,Male,31,4,1,Research Scientist,4,Married,3564,16572,1,Y,No,19,3,2,80,1,12,5,4,6,2,1,2
46,No,Travel_Rarely,1000,Research & Development,5,3,Other,1,702,2,Male,63,3,2,Sales Executive,2,Divorced,6301,9250,1,Y,Yes,16,3,3,80,2,25,4,2,4,3,3,4
31,No,Travel_Rarely,1211,Sales,2,4,Life Sciences,1,703,3,Female,50,1,1,Research Scientist,3,Married,4597,19646,0,Y,No,12,3,3,80,0,10,1,3,4,2,2,4
24,No,Travel_Rarely,1353,Research & Development,1,3,Life Sciences,1,704,3,Male,63,4,1,Manager,1,Married,5555,11432,4,Y,No,20,4,1,80,2,6,2,3,5,1,1,2
23,No,Travel_Rarely,1125,Research & Development,4,5,Other,1,705,3,Female,58,3,2,Research Scientist,4,Married,5873,5384,6,Y,No,14,3,3,80,0,3,1,3,0,0,0,0
42,No,Travel_Rarely,310,Research & Development,2,3,Other,1,706,2,Male,95,3,3,Sales Executive,3,Married,10587,8002,9,Y,No,12,3,4,80,0,22,1,3,16,3,3,16
25,Yes,Travel_Rarely,1296,Research & Development,29,4,Marketing,1,707,3,Male,33,3,2,Laboratory Technician,1,Married,7319,18102,3,Y,Yes,13,3,2,80,0,7,2,1,7,0,0,1
53,No,Travel_Rarely,966,Sales,14,3,Marketing,1,708,1,Male,78,3,1,Sales Representative,2,Married,6933,3386,2,Y,No,11,3,3,80,1,34,2,2,1,1,1,1
18,No,Travel_Frequently,953,Sales,1,2,Life Sciences,1,709,4,Male,90,3,2,Research Scientist,2,Married,6860,8885,1,Y,Yes,11,3,2,80,1,0,2,4,0,0,0,0
52,Yes,Travel_Frequently,1389,Sales,3,4,Medical,1,710,1,Male,97,3,2,Sales Executive,3,Single,9249,7282,9,Y,No,15,4,4,80,0,31,2,2,1,1,1,1
39,No,Travel_Rarely,450,Sales,11,1,Life Sciences,1,711,1,Female,42,3,3,Research Scientist,3,Married,9783,7103,2,Y,Yes,11,3,4,80,0,18,2,2,8,2,0,4
36,No,Travel_Rarely,437,Sales,6,3,Life Sciences,1,712,2,Male,67,2,2,Healthcare Representative,2,Single,5453,19098,3,Y,Yes,16,3,3,80,1,17,1,3,8,6,4,0
32,No,Travel_Rarely,819,Sales,17,2,Technical Degree,1,713,4,Female,33,3,1,Laboratory Technician,4,Married,4651,22661,3,Y,No,18,3,2,80,3,13,2,3,13,6,2,12
41,No,Travel_Rarely,1151,Research & Development,7,4,Life Sciences,1,714,2,Male,65,4,2,Manager,4,Single,6805,19923,5,Y,No,16,3,3,80,1,22,3,3,10,0,0,4
37,No,Travel_Rarely,727,Research & Development,11,5,Medical,1,715,3,Male,39,3,2,Research Director,1,Married,8057,18176,0,Y,Yes,15,4,2,80,1,19,2,2,4,2,0,4
47,No,Travel_Rarely,988,Research & Development,9,3,Other,1,716,1,Female,89,3,1,Manager,3,Married,5874,24918,1,Y,No,11,3,1,80,1,29,1,3,7,3,0,0
38,No,Travel_Rarely,734,Research & Development,10,4,Life Sciences,1,717,1,Male,38,2,1,Manufacturing Director,3,Single,6802,3548,3,Y,No,18,3,3,80,1,20,1,4,8,0,0,2
38,No,Travel_Rarely,955,Research & Development,3,3,Other,1,718,3,Male,66,1,2,Laboratory Technician,3,Single,7281,6265,6,Y,Yes,21,3,1,80,3,20,2,1,5,4,0,4
34,No,Travel_Frequently,1251,Sales,5,3,Other,1,719,2,Male,66,3,1,Sales Executive,1,Single,5058,12415,3,Y,No,19,3,2,80,1,16,4,3,5,4,3,2
36,No,Travel_Rarely,354,Research & Development,1,5,Medical,1,720,3,Male,98,1,1,Human Resources,2,Married,4937,11370,1,Y,No,11,3,4,80,0,18,0,2,7,7,3,3
40,Yes,Travel_Frequently,1073,Sales,9,5,Life Sciences,1,721,4,Female,76,3,3,Research Scientist,1,Divorced,8772,12506,1,Y,Yes,15,3,3,80,2,19,2,3,6,0,0,5
22,No,Travel_Rarely,1202,Research & Development,7,4,Life Sciences,1,722,4,Male,50,3,2,Sales Executive,3,Single,5975,7236,3,Y,No,14,3,1,80,3,2,3,3,2,1,0,1
25,No,Travel_Rarely,727,Research & Development,14,3,Medical,1,723,1,Female,47,3,2,Manufacturing Director,3,Married,5867,5817,3,Y,No,14,3,3,80,0,4,3,3,4,4,2,4
44,No,Non-Travel,554,Human Resources,3,3,Life Sciences,1,724,3,Female,39,4,3,Research Scientist,1,Married,8948,14775,2,Y,No,15,3,4,80,1,24,4,3,9,3,3,1
39,No,Non-Travel,121,Sales,6,3,Life Sciences,1,725,4,Male,83,3,2,Laboratory Technician,2,Married,6715,25207,1,Y,No,21,3,1,80,2,18,4,3,7,7,1,1
35,No,Travel_Rarely,1216,Sales,3,3,Other,1,726,4,Female,78,2,1,Laboratory Technician,2,Divorced,6377,11856,6,Y,Yes,15,3,3,80,1,14,0,3,5,0,0,0
37,No,Travel_Rarely,560,Research & Development,10,3,Life Sciences,1,727,1,Male,73,3,1,Laboratory Technician,4,Married,6918,3174,2,Y,No,14,3,4,80,0,19,2,3,8,3,1,1
40,No,Travel_Rarely,601,Sales,18,4,Marketing,1,728,3,Female,33,2,2,Manager,1,Married,6983,19681,4,Y,No,16,3,3,80,1,22,3,3,4,3,0,1
32,No,Travel_Rarely,571,Research & Development,14,5,Life Sciences,1,729,4,Male,83,3,2,Research Scientist,3,Single,7239,9344,1,Y,Yes,11,3,2,80,0,12,5,3,2,0,0,2
30,Yes,Travel_Frequently,799,Research & Development,27,3,Medical,1,730,3,Female,75,2,1,Laboratory Technician,4,Single,3938,8198,1,Y,No,13,3,2,80,0,10,4,2,0,0,0,0
39,No,Non-Travel,1083,Research & Development,29,1,Other,1,731,4,Male,97,3,1,Laboratory Technician,4,Single,5219,10170,5,Y,Yes,18,3,4,80,3,21,1,3,6,3,3,2
28,No,Travel_Rarely,1180,Human Resources,14,4,Life Sciences,1,732,3,Male,71,3,2,Manufacturing Director,3,Single,5290,20121,0,Y,Yes,16,3,4,80,1,7,2,3,6,1,1,3
41,No,Travel_Rarely,650,Human Resources,4,2,Life Sciences,1,733,1,Female,51,1,3,Manager,2,Married,9896,22487,2,Y,Yes,21,3,4,80,2,21,3,3,21,1,1,0
22,No,Travel_Rarely,1028,Sales,3,4,Medical,1,734,1,Female,57,2,2,Research Scientist,4,Married,6228,16740,2,Y,No,16,3,4,80,2,3,2,3,3,3,0,1
46,No,Travel_Rarely,1109,Research & Development,6,1,Marketing,1,735,1,Male,42,3,1,Manufacturing Director,4,Married,6500,10125,3,Y,No,11,3,3,80,1,27,2,3,4,2,2,3
41,No,Non-Travel,517,Research & Development,29,3,Marketing,1,736,2,Male,81,3,3,Sales Executive,4,Single,9871,9826,1,Y,Yes,11,3,4,80,2,22,3,3,2,2,2,2
39,No,Travel_Frequently,237,Research & Development,6,5,Life Sciences,1,737,4,Female,80,4,1,Research Director,1,Single,4624,5190,1,Y,No,18,3,4,80,0,19,1,3,1,1,1,1
46,No,Travel_Rarely,1352,Sales,3,2,Life Sciences,1,738,3,Female,44,2,2,Research Scientist,1,Married,7580,25338,7,Y,Yes,12,4,4,80,1,28,4,2,10,1,1,2
52,No,Travel_Rarely,1048,Research & Development,27,3,Other,1,739,4,Female,41,3,2,Healthcare Representative,4,Divorced,8676,17987,2,Y,Yes,12,3,2,80,1,34,4,2,2,2,2,2
46,No,Travel_Rarely,1007,Human Resources,5,3,Other,1,740,3,Female,35,3,2,Sales Executive,4,Single,7564,2766,0,Y,Yes,13,3,4,80,1,28,2,3,7,7,4,3
20,No,Travel_Rarely,184,Research & Development,12,5,Medical,1,741,3,Female,94,3,2,Sales Executive,4,Divorced,5656,18590,1,Y,No,18,3,2,80,0,0,3,2,0,0,0,0
25,No,Travel_Frequently,1245,Research & Development,15,4,Technical Degree,1,742,2,Female,46,3,1,Laboratory Technician,4,Married,3560,13230,9,Y,No,14,3,1,80,0,5,3,2,4,4,0,1
31,No,Travel_Rarely,893,Sales,18,3,Medical,1,743,4,Male,54,3,3,Sales Representative,3,Married,9424,26316,1,Y,No,12,3,3,80,0,12,1,2,12,0,0,2
37,Yes,Travel_Rarely,1286,Research & Development,16,2,Medical,1,744,3,Male,50,3,1,Laboratory Technician,2,Married,5911,22493,2,Y,Yes,19,3,2,80,1,17,1,3,4,0,0,3
42,No,Travel_Rarely,1463,Research & Development,17,4,Life Sciences,1,745,3,Female,59,3,1,Research Director,3,Single,6630,6361,1,Y,No,18,3,1,80,3,23,0,3,2,1,1,2
30,No,Travel_Frequently,1439,Research & Development,11,3,Medical,1,746,4,Female,80,2,1,Laboratory Technician,4,Single,5207,20028,5,Y,No,20,3,4,80,3,11,5,1,11,1,0,1
39,No,Travel_Rarely,1298,Research & Development,6,4,Medical,1,747,3,Male,91,3,2,Laboratory Technician,3,Married,6405,14187,4,Y,No,19,3,3,80,0,21,2,3,14,5,2,2
30,No,Travel_Frequently,117,Sales,11,1,Life Sciences,1,748,4,Male,43,3,1,Sales Executive,4,Married,4216,6752,2,Y,No,18,3,4,80,0,10,1,3,1,1,1,1
31,No,Travel_Frequently,1339,Research & Development,17,2,Medical,1,749,4,Female,78,3,1,Manager,2,Divorced,4279,19496,0,Y,No,13,3,4,80,0,13,2,3,0,0,0,0
24,Yes,Non-Travel,207,Research & Development,5,4,Marketing,1,750,2,Male,55,1,1,Research Scientist,1,Married,4074,15727,5,Y,Yes,17,3,3,80,0,6,1,3,1,1,1,1
29,No,Travel_Rarely,1291,Research & Development,4,2,Marketing,1,751,1,Male,99,2,1,Sales Representative,4,Single,5366,2850,1,Y,No,19,3,2,80,2,9,1,3,2,2,2,0
25,Yes,Travel_Rarely,493,Research & Development,5,4,Medical,1,752,4,Male,51,3,2,Sales Representative,1,Married,4822,18197,7,Y,Yes,21,3,2,80,3,5,2,3,5,4,3,3
28,No,Travel_Rarely,954,Research & Development,8,2,Human Resources,1,753,3,Male,31,2,1,Research Director,4,Single,3893,17908,2,Y,No,16,3,3,80,0,7,2,2,6,6,1,1
46,No,Travel_Rarely,155,Research & Development,1,2,Life Sciences,1,754,1,Male,66,3,1,Laboratory Technician,4,Married,5644,5682,3,Y,Yes,14,3,3,80,0,27,3,3,3,3,1,1
28,Yes,Travel_Rarely,1179,Sales,15,5,Medical,1,755,3,Male,41,3,2,Manufacturing Director,2,Married,5109,10786,0,Y,Yes,12,3,3,80,0,7,3,3,7,4,1,1
60,No,Travel_Rarely,258,Human Resources,2,3,Marketing,1,756,3,Male,33,4,1,Healthcare Representative,4,Divorced,7164,16686,3,Y,No,18,3,3,80,0,40,3,3,4,4,1,0
41,No,Travel_Rarely,676,Research & Development,2,4,Medical,1,757,4,Female,79,3,2,Sales Executive,2,Divorced,7086,5550,1,Y,No,13,3,2,80,2,22,2,4,3,0,0,3
39,No,Travel_Frequently,1244,Research & Development,3,2,Life Sciences,1,758,4,Male,81,3,3,Manufacturing Director,4,Married,9889,23331,1,Y,No,15,3,3,80,1,20,3,4,20,4,4,3
29,No,Travel_Rarely,1073,Research & Development,9,3,Life Sciences,1,759,4,Female,62,3,2,Sales Executive,1,Married,6260,2779,0,Y,Yes,12,4,1,80,1,11,2,4,11,6,2,5
43,No,Travel_Rarely,110,Research & Development,4,4,Human Resources,1,760,4,Female,77,4,3,Laboratory Technician,3,Divorced,9767,4655,0,Y,Yes,15,3,4,80,1,25,2,4,13,9,0,2
32,No,Travel_Frequently,665,Research & Development,5,3,Medical,1,761,1,Male,68,3,1,Sales Executive,3,Single,4852,4986,1,Y,No,16,3,1,80,0,12,2,3,5,1,1,5
38,No,Travel_Frequently,161,Research & Development,25,4,Technical Degree,1,762,3,Female,74,3,2,Sales Executive,3,Single,5135,15247,1,Y,No,16,3,3,80,0,19,2,3,11,2,2,2
60,Yes,Travel_Frequently,1043,Sales,18,3,Medical,1,763,2,Male,72,2,1,Research Scientist,3,Single,5852,17538,6,Y,No,17,3,1,80,0,40,2,3,1,1,1,1
36,No,Travel_Frequently,1456,Research & Development,18,3,Medical,1,764,2,Female,77,3,4,Laboratory Technician,4,Single,10867,12149,1,Y,No,11,3,4,80,1,17,1,4,6,1,0,2
47,No,Non-Travel,1017,Sales,9,3,Technical Degree,1,765,4,Male,44,2,4,Manufacturing Director,4,Married,11790,9283,3,Y,No,15,3,2,80,2,29,2,3,29,3,3,4
31,No,Travel_Rarely,415,Research & Development,19,3,Medical,1,766,3,Female,49,3,1,Sales Executive,4,Married,4625,22250,0,Y,No,14,3,1,80,1,11,2,2,2,1,1,2
37,No,Travel_Rarely,598,Sales,15,2,Life Sciences,1,767,4,Female,61,3,4,Laboratory Technician,3,Married,11784,3795,2,Y,Yes,12,4,3,80,0,19,2,3,11,1,0,1
53,No,Travel_Rarely,1466,Research & Development,29,3,Medical,1,768,1,Male,61,4,2,Sales Executive,3,Single,8568,9075,2,Y,No,13,3,4,80,1,32,5,2,5,2,0,0
31,No,Travel_Rarely,415,Research & Development,2,3,Technical Degree,1,769,4,Male,84,4,1,Laboratory Technician,2,Married,5856,3068,9,Y,Yes,12,4,4,80,0,10,3,4,0,0,0,0
53,No,Travel_Rarely,886,Research & Development,1,3,Life Sciences,1,770,1,Female,56,3,2,Manufacturing Director,4,Married,6192,2440,5,Y,No,16,3,2,80,0,32,4,3,10,2,0,2
43,Yes,Travel_Rarely,661,Research & Development,3,4,Life Sciences,1,771,2,Female,41,3,1,Laboratory Technician,1,Married,7027,10895,2,Y,Yes,16,4,4,80,0,23,3,2,1,1,0,0
32,No,Travel_Rarely,1175,Research & Development,25,3,Life Sciences,1,772,3,Male,48,4,2,Healthcare Representative,2,Married,5994,6946,4,Y,Yes,18,4,1,80,1,11,1,3,7,1,1,2
43,No,Travel_Rarely,1314,Sales,9,5,Other,1,773,3,Female,45,4,1,Research Scientist,2,Married,5660,8778,1,Y,No,16,3,1,80,2,23,5,4,1,1,1,1
46,No,Travel_Rarely,578,Research & Development,6,3,Life Sciences,1,774,3,Male,81,4,2,Healthcare Representative,2,Single,8789,22540,2,Y,No,15,3,3,80,1,28,4,3,21,0,0,5
43,No,Non-Travel,1025,Research & Development,7,3,Medical,1,775,4,Female,63,3,2,Laboratory Technician,4,Single,5908,6153,0,Y,No,15,3,2,80,0,25,2,3,2,1,1,0
23,No,Travel_Rarely,869,Sales,17,4,Medical,1,776,3,Male,80,2,2,Laboratory Technician,2,Divorced,5637,21526,1,Y,No,17,3,4,80,0,3,2,3,2,2,1,1
30,Yes,Travel_Frequently,491,Research & Development,25,3,Life Sciences,1,777,2,Female,59,2,1,Manufacturing Director,4,Divorced,5567,18906,1,Y,No,11,4,4,80,0,12,2,2,1,1,0,1
35,No,Travel_Rarely,482,Research & Development,13,3,Medical,1,778,2,Male,92,4,3,Sales Executive,3,Married,8266,10224,3,Y,Yes,15,3,1,80,0,17,4,2,17,1,1,3
36,No,Non-Travel,854,Research & Development,14,2,Life Sciences,1,779,3,Male,99,1,2,Manufacturing Director,4,Single,7611,15706,2,Y,Yes,16,3,2,80,0,16,1,3,9,0,0,1
43,No,Travel_Frequently,317,Sales,4,3,Medical,1,780,3,Male,77,3,2,Manufacturing Director,3,Married,7901,13163,3,Y,No,20,3,3,80,1,22,3,3,9,4,0,6
39,No,Travel_Rarely,1235,Research & Development,7,3,Marketing,1,781,3,Male,90,3,1,Research Scientist,2,Married,5455,5292,2,Y,No,12,3,3,80,0,19,3,3,5,1,1,2
25,No,Travel_Rarely,198,Sales,20,5,Technical Degree,1,782,2,Male,66,1,1,Sales Executive,3,Married,4759,24687,0,Y,No,12,3,4,80,2,6,1,3,5,5,1,2
40,No,Travel_Rarely,234,Sales,15,3,Life Sciences,1,783,4,Male,95,4,1,Sales Executive,3,Single,6596,16280,3,Y,No,11,3,4,80,0,22,3,2,1,1,0,1
42,No,Non-Travel,580,Research & Development,11,5,Human Resources,1,784,1,Female,88,3,1,Research Director,2,Single,6042,24016,4,Y,No,11,3,3,80,0,22,3,4,6,1,1,6
42,No,Travel_Frequently,267,Research & Development,2,4,Medical,1,785,3,Male,99,1,2,Manufacturing Director,2,Married,8263,22611,6,Y,Yes,15,3,2,80,0,24,2,3,2,1,1,1
47,No,Travel_Frequently,767,Research & Development,1,3,Human Resources,1,786,3,Male,74,4,3,Sales Executive,1,Married,8775,4081,2,Y,No,13,4,4,80,1,26,2,2,26,2,2,0
45,No,Travel_Rarely,660,Sales,2,3,Medical,1,787,2,Male,85,3,1,Research Scientist,2,Single,6426,7256,4,Y,Yes,13,3,2,80,1,27,4,2,11,0,0,1
41,No,Travel_Rarely,1110,Research & Development,9,4,Medical,1,788,4,Male,68,4,1,Laboratory Technician,3,Single,5871,5712,3,Y,Yes,15,3,4,80,0,21,2,2,4,0,0,0
36,Yes,Travel_Frequently,1433,Research & Development,8,5,Other,1,789,3,Male,48,3,1,Manager,2,Married,5899,22785,0,Y,Yes,17,3,1,80,3,15,3,2,1,1,1,0
22,No,Travel_Rarely,1155,Research & Development,27,2,Human Resources,1,790,3,Male,55,3,1,Sales Executive,4,Divorced,2954,23573,0,Y,No,15,3,3,80,0,1,2,3,1,1,1,1
41,No,Travel_Rarely,353,Research & Development,12,3,Medical,1,791,3,Male,93,2,1,Research Scientist,4,Divorced,6259,15243,0,Y,No,15,3,1,80,3,20,1,3,1,1,1,1
39,No,Travel_Rarely,1409,Sales,4,3,Life Sciences,1,792,4,Male,34,3,1,Sales Representative,2,Married,4697,4689,1,Y,No,16,3,3,80,0,20,6,2,1,0,0,1
39,Yes,Non-Travel,650,Research & Development,3,1,Life Sciences,1,793,3,Male,71,3,2,Sales Executive,3,Married,8993,5472,2,Y,Yes,11,3,3,80,1,19,2,3,2,2,0,2
26,Yes,Travel_Rarely,764,Research & Development,18,3,Life Sciences,1,794,3,Male,56,4,2,Sales Executive,1,Single,5369,22355,9,Y,Yes,15,3,3,80,1,6,2,4,6,2,2,2
27,Yes,Travel_Rarely,691,Sales,7,4,Life Sciences,1,795,2,Male,57,1,2,Research Director,3,Married,5147,25235,1,Y,Yes,15,3,4,80,1,6,3,3,6,2,2,0
46,No,Travel_Rarely,494,Sales,11,3,Life Sciences,1,796,1,Male,92,3,1,Manufacturing Director,4,Married,5808,7062,3,Y,Yes,15,3,3,80,0,28,3,3,3,1,1,1
37,Yes,Travel_Frequently,1352,Sales,8,4,Technical Degree,1,797,2,Female,90,4,1,Research Scientist,2,Married,5919,2371,3,Y,Yes,13,4,2,80,0,16,2,2,1,1,1,0
43,No,Travel_Rarely,566,Sales,2,4,Life Sciences,1,798,4,Male,72,3,2,Sales Executive,1,Married,7804,10336,1,Y,Yes,14,3,4,80,1,24,4,2,4,4,1,4
37,No,Travel_Rarely,910,Research & Development,2,3,Medical,1,799,3,Female,49,3,2,Sales Executive,2,Single,8224,2854,0,Y,Yes,16,3,4,80,2,16,1,3,10,0,0,0
37,No,Travel_Rarely,437,Research & Development,5,2,Life Sciences,1,800,4,Male,63,3,2,Research Scientist,4,Single,6720,22715,2,Y,Yes,20,3,2,80,1,17,3,2,2,1,1,2
45,No,Travel_Frequently,1216,Sales,5,4,Life Sciences,1,801,2,Female,59,1,2,Sales Representative,3,Single,7128,14335,3,Y,No,11,4,4,80,0,24,2,4,2,1,1,2
32,No,Non-Travel,1184,Sales,11,4,Life Sciences,1,802,3,Female,55,1,4,Research Scientist,4,Single,9732,18080,9,Y,No,17,4,4,80,0,14,2,2,14,1,1,1
38,No,Travel_Frequently,516,Research & Development,10,4,Life Sciences,1,803,4,Male,37,4,2,Healthcare Representative,4,Single,6619,12342,1,Y,No,19,4,3,80,1,18,4,3,18,1,1,1
33,No,Travel_Rarely,1054,Research & Development,29,1,Marketing,1,804,1,Female,68,3,3,Sales Representative,1,Divorced,7482,10699,6,Y,No,11,3,2,80,0,15,3,3,15,5,4,3
33,No,Non-Travel,1085,Research & Development,19,2,Human Resources,1,805,3,Male,51,3,3,Research Scientist,1,Married,7841,7628,1,Y,No,14,3,3,80,0,12,3,2,12,7,4,7
34,No,Travel_Rarely,888,Research & Development,7,2,Life Sciences,1,806,4,Male,76,3,1,Sales Executive,3,Married,3952,21284,3,Y,No,16,3,2,80,1,14,2,3,1,1,1,1
39,No,Travel_Rarely,941,Research & Development,7,3,Medical,1,807,4,Female,52,2,1,Laboratory Technician,3,Divorced,5975,19417,2,Y,No,21,4,3,80,1,20,5,3,2,2,2,1
33,No,Travel_Rarely,905,Sales,11,4,Medical,1,808,4,Female,60,3,1,Sales Representative,3,Divorced,6024,11078,0,Y,No,22,3,3,80,0,13,2,3,3,3,1,3
48,No,Travel_Rarely,216,Sales,2,2,Technical Degree,1,809,4,Male,34,3,1,Manager,1,Married,6377,10091,0,Y,Yes,11,4,4,80,0,30,2,3,3,2,1,1
29,No,Travel_Frequently,1038,Research & Development,29,4,Marketing,1,810,3,Male,99,4,1,Sales Executive,1,Divorced,3981,2125,0,Y,No,14,3,3,80,1,9,5,3,9,2,2,9
35,No,Travel_Rarely,758,Research & Development,8,3,Medical,1,811,2,Male,66,3,2,Healthcare Representative,1,Married,7475,3677,1,Y,Yes,16,3,2,80,0,16,1,3,11,1,1,4
33,No,Travel_Rarely,715,Research & Development,23,4,Medical,1,812,4,Male,32,2,2,Laboratory Technician,4,Single,6689,17616,3,Y,Yes,17,3,4,80,2,14,1,2,9,2,0,3
50,No,Travel_Rarely,1303,Research & Development,29,5,Technical Degree,1,813,4,Female,68,3,1,Sales Representative,4,Married,7092,14910,0,Y,No,16,3,2,80,0,31,6,2,1,1,1,1
39,No,Travel_Rarely,134,Research & Development,9,2,Life Sciences,1,814,3,Male,91,3,3,Sales Executive,1,Married,8244,12923,2,Y,No,12,3,2,80,0,20,5,1,17,5,3,3
46,No,Travel_Rarely,453,Sales,2,5,Life Sciences,1,815,2,Male,84,3,2,Laboratory Technician,2,Married,7139,22703,1,Y,No,12,3,3,80,1,28,3,4,12,4,1,1
24,No,Travel_Rarely,272,Research & Development,9,2,Human Resources,1,816,3,Male,79,3,2,Sales Representative,1,Single,6501,14644,4,Y,Yes,11,3,1,80,1,4,2,3,1,0,0,0
39,No,Travel_Rarely,151,Sales,9,3,Marketing,1,817,3,Male,40,3,2,Research Scientist,4,Single,7024,11670,4,Y,Yes,11,3,4,80,0,18,2,1,14,0,0,2
45,Yes,Travel_Rarely,487,Sales,15,4,Medical,1,818,2,Male,76,3,1,Laboratory Technician,4,Married,6622,6110,4,Y,Yes,11,3,3,80,0,26,2,1,2,2,2,2
38,No,Travel_Rarely,1483,Research & Development,1,5,Medical,1,819,3,Female,84,2,1,Sales Executive,2,Single,4473,22533,2,Y,No,18,3,4,80,0,17,2,3,1,1,1,1
47,No,Travel_Frequently,480,Research & Development,7,3,Life Sciences,1,820,3,Female,70,3,3,Research Scientist,2,Married,9827,16445,1,Y,No,17,4,2,80,1,26,2,1,7,6,1,0
32,No,Travel_Rarely,1029,Human Resources,24,3,Medical,1,821,3,Female,92,2,3,Research Scientist,2,Married,8797,4397,4,Y,No,17,3,4,80,0,12,0,3,7,0,0,6
50,No,Travel_Frequently,267,Research & Development,29,4,Medical,1,822,2,Male,49,4,2,Research Director,3,Married,6690,18255,1,Y,Yes,14,3,3,80,1,29,2,2,1,1,1,1
58,Yes,Non-Travel,943,Sales,3,4,Medical,1,823,1,Female,47,2,1,Research Scientist,3,Married,6757,12680,1,Y,Yes,15,3,3,80,1,37,2,1,3,2,1,1
34,No,Travel_Frequently,1477,Sales,19,2,Marketing,1,824,3,Female,91,3,3,Laboratory Technician,3,Divorced,7067,22302,1,Y,No,14,3,4,80,1,16,3,3,16,6,3,1
33,No,Travel_Rarely,510,Research & Development,2,4,Technical Degree,1,825,3,Female,74,3,2,Manufacturing Director,4,Married,7736,24980,3,Y,No,11,3,3,80,2,12,2,4,8,0,0,3
50,No,Travel_Rarely,1287,Research & Development,18,3,Life Sciences,1,826,2,Male,30,2,4,Sales Executive,1,Married,10546,17049,3,Y,Yes,17,3,3,80,1,30,4,3,9,1,1,2
51,No,Non-Travel,1496,Research & Development,4,3,Medical,1,827,2,Male,55,3,1,Laboratory Technician,4,Married,6049,20315,3,Y,No,18,3,1,80,0,30,2,3,2,2,2,2
32,Yes,Travel_Rarely,924,Research & Development,29,3,Life Sciences,1,828,2,Male,90,2,2,Healthcare Representative,2,Single,6556,3503,1,Y,Yes,12,3,2,80,0,12,2,1,1,1,1,1
33,No,Travel_Rarely,534,Research & Development,12,3,Marketing,1,829,3,Male,32,2,2,Sales Representative,2,Single,5950,16047,0,Y,No,12,3,4,80,0,14,3,3,2,2,2,1
34,No,Travel_Rarely,1043,Research & Development,6,5,Life Sciences,1,830,4,Male,30,2,2,Manufacturing Director,4,Single,8119,20906,6,Y,Yes,16,4,4,80,1,13,2,2,2,2,2,2
25,No,Travel_Rarely,1282,Sales,4,3,Medical,1,831,4,Male,50,4,1,Manufacturing Director,4,Married,3567,14466,2,Y,No,16,3,3,80,1,4,2,3,2,2,2,1
29,No,Non-Travel,341,Research & Development,3,5,Technical Degree,1,832,4,Male,94,2,1,Sales Executive,4,Married,4224,16876,1,Y,No,17,3,4,80,0,8,3,3,1,0,0,1
28,No,Travel_Rarely,734,Research & Development,11,2,Medical,1,833,3,Female,93,4,2,Research Director,4,Divorced,5768,24482,2,Y,No,19,4,3,80,2,9,2,3,6,0,0,3
30,No,Travel_Rarely,548,Sales,21,4,Other,1,834,3,Male,66,1,1,Sales Executive,4,Single,4202,7028,1,Y,No,12,3,3,80,1,12,4,3,3,0,0,3
37,No,Travel_Rarely,498,Research & Development,14,4,Other,1,835,2,Male,69,3,2,Healthcare Representative,2,Single,6793,4541,0,Y,No,15,3,3,80,1,16,3,3,12,1,1,2
39,No,Travel_Rarely,1305,Research & Development,17,4,Life Sciences,1,836,3,Female,53,4,1,Research Scientist,4,Divorced,5882,19294,1,Y,No,12,3,3,80,0,19,1,2,1,1,0,1
51,No,Travel_Rarely,691,Human Resources,15,3,Life Sciences,1,837,3,Female,47,4,2,Research Director,4,Single,8368,22587,1,Y,Yes,12,3,2,80,0,33,2,3,4,4,1,0
28,No,Travel_Rarely,576,Sales,29,3,Other,1,838,4,Female,87,2,1,Healthcare Representative,3,Married,3993,23275,1,Y,No,14,3,3,80,1,10,3,3,0,0,0,0
46,Yes,Travel_Frequently,945,Research & Development,14,4,Other,1,839,3,Female,37,3,1,Healthcare Representative,3,Married,6035,18074,6,Y,No,19,4,4,80,0,28,3,1,5,3,3,0
35,No,Travel_Rarely,409,Sales,3,4,Life Sciences,1,840,1,Male,64,2,1,Sales Executive,4,Married,3826,22845,2,Y,No,18,3,1,80,0,14,4,3,0,0,0,0
37,No,Travel_Frequently,423,Research & Development,15,2,Life Sciences,1,841,2,Female,74,3,3,Laboratory Technician,4,Single,9787,19544,2,Y,No,15,3,1,80,3,18,3,3,18,2,0,3
43,No,Travel_Rarely,829,Sales,4,4,Life Sciences,1,842,4,Male,37,3,3,Manufacturing Director,2,Single,8915,4270,3,Y,Yes,11,4,1,80,1,24,1,1,11,0,0,4
27,No,Travel_Rarely,674,Sales,29,3,Other,1,843,2,Male,66,3,1,Healthcare Representative,4,Single,3918,21073,8,Y,Yes,16,4,2,80,1,6,1,3,5,2,2,0
40,No,Travel_Rarely,514,Research & Development,5,3,Life Sciences,1,844,2,Male,70,3,1,Sales Executive,4,Married,3843,6561,0,Y,No,16,3,3,80,1,20,3,3,1,1,1,1
38,No,Travel_Rarely,177,Research & Development,4,4,Medical,1,845,4,Male,82,2,1,Research Director,2,Married,4835,7987,4,Y,Yes,12,3,1,80,0,18,2,2,6,3,1,6
41,No,Travel_Frequently,830,Sales,3,3,Technical Degree,1,846,3,Male,46,1,1,Sales Representative,4,Single,6826,11923,2,Y,No,17,3,3,80,3,21,3,3,10,2,2,3
40,Yes,Travel_Frequently,1243,Sales,11,4,Life Sciences,1,847,1,Female,51,2,2,Research Scientist,1,Married,7609,9928,0,Y,Yes,12,3,3,80,3,19,4,4,1,0,0,1
59,No,Travel_Rarely,1291,Research & Development,2,3,Medical,1,848,1,Female,70,4,1,Manager,1,Divorced,7887,10105,1,Y,Yes,17,3,4,80,1,40,3,3,6,6,4,4
31,No,Travel_Rarely,431,Research & Development,29,1,Life Sciences,1,849,2,Male,99,1,3,Laboratory Technician,3,Single,8293,6309,2,Y,Yes,16,3,4,80,0,10,2,3,10,2,0,1
32,No,Travel_Frequently,940,Research & Development,4,3,Technical Degree,1,850,3,Male,45,3,3,Laboratory Technician,4,Married,6344,9413,3,Y,Yes,11,3,3,80,0,13,3,3,10,2,0,2
31,No,Travel_Rarely,1298,Sales,4,2,Life Sciences,1,851,4,Female,99,3,2,Research Scientist,1,Married,6696,2584,1,Y,Yes,14,3,1,80,0,13,1,2,11,9,0,7
32,No,Travel_Rarely,673,Research & Development,1,4,Marketing,1,852,2,Female,80,3,1,Laboratory Technician,4,Single,4841,13872,2,Y,Yes,15,3,1,80,1,11,3,1,11,1,1,9
31,No,Non-Travel,1404,Sales,4,3,Medical,1,853,4,Male,88,3,2,Healthcare Representative,3,Single,7277,21236,3,Y,No,16,3,4,80,0,12,3,3,12,1,0,8
48,No,Travel_Rarely,1363,Sales,6,3,Life Sciences,1,854,1,Female,36,3,1,Research Scientist,4,Married,6171,23568,1,Y,No,18,3,3,80,1,30,2,4,4,4,0,1
50,No,Non-Travel,393,Research & Development,5,2,Life Sciences,1,855,2,Male,51,3,1,Manufacturing Director,4,Divorced,5743,22527,5,Y,Yes,18,4,2,80,1,32,2,4,6,1,1,1
32,No,Travel_Rarely,464,Research & Development,4,3,Life Sciences,1,856,4,Male,34,3,3,Healthcare Representative,4,Divorced,8201,12466,5,Y,No,14,3,2,80,0,11,4,3,11,5,0,1
30,No,Travel_Rarely,354,Research & Development,1,4,Life Sciences,1,857,1,Female,56,4,2,Healthcare Representative,4,Married,6206,20285,2,Y,No,17,3,4,80,1,11,2,3,8,1,1,2
41,No,Travel_Rarely,376,Research & Development,4,2,Technical Degree,1,858,4,Male,99,4,4,Sales Executive,4,Married,11459,9264,9,Y,Yes,20,4,3,80,0,23,0,2,23,0,0,1
32,Yes,Travel_Rarely,1370,Research & Development,15,4,Technical Degree,1,859,3,Male,37,3,1,Sales Representative,1,Married,4602,3478,0,Y,No,12,3,3,80,2,11,5,3,0,0,0,0
43,Yes,Travel_Rarely,1403,Research & Development,6,5,Medical,1,860,1,Female,69,2,1,Laboratory Technician,2,Married,5008,18929,0,Y,Yes,13,3,2,80,0,25,3,3,3,1,1,3
39,No,Travel_Rarely,175,Human Resources,4,4,Medical,1,861,3,Female,30,3,3,Research Scientist,2,Married,9374,18252,1,Y,Yes,11,3,3,80,0,19,3,3,2,2,1,2
23,No,Travel_Rarely,931,Sales,4,4,Medical,1,862,3,Male,80,3,3,Research Scientist,4,Single,6969,22059,2,Y,Yes,13,3,4,80,0,2,2,3,2,2,2,2
51,No,Travel_Rarely,890,Sales,8,2,Technical Degree,1,863,4,Male,44,3,2,Laboratory Technician,1,Married,7987,17438,2,Y,Yes,16,3,4,80,3,33,5,3,2,2,2,2
53,No,Travel_Rarely,648,Research & Development,4,3,Medical,1,864,3,Male,39,3,2,Sales Representative,1,Married,7789,6001,2,Y,Yes,11,4,4,80,1,32,3,3,9,5,3,0
31,No,Travel_Rarely,984,Research & Development,10,5,Life Sciences,1,865,3,Female,54,3,1,Research Scientist,4,Married,4790,23342,0,Y,No,16,3,3,80,0,10,2,3,1,1,1,0
34,No,Travel_Rarely,1425,Sales,29,4,Life Sciences,1,866,1,Male,84,3,2,Healthcare Representative,4,Divorced,5703,17716,0,Y,No,14,3,3,80,0,15,3,3,9,5,2,5
40,No,Travel_Rarely,340,Research & Development,1,4,Medical,1,867,3,Male,37,1,2,Sales Executive,4,Single,7306,22208,5,Y,No,15,3,3,80,1,21,2,1,8,3,1,2
40,No,Travel_Rarely,270,Sales,3,4,Medical,1,868,2,Female,46,3,1,Laboratory Technician,1,Single,6424,21373,5,Y,No,11,3,2,80,0,22,2,3,2,2,2,2
43,No,Travel_Rarely,149,Research & Development,3,3,Medical,1,869,1,Male,31,2,1,Human Resources,3,Single,5637,9512,3,Y,No,15,3,4,80,3,22,2,2,2,2,2,0
55,No,Travel_Rarely,610,Sales,6,1,Life Sciences,1,870,4,Male,98,3,2,Healthcare Representative,2,Married,7786,3951,3,Y,No,20,3,3,80,3,34,2,2,7,3,3,1
35,Yes,Travel_Rarely,574,Research & Development,1,4,Marketing,1,871,2,Male,71,2,2,Sales Executive,1,Married,6507,6490,2,Y,Yes,14,3,3,80,1,15,3,2,10,2,2,3
30,No,Travel_Frequently,704,Research & Development,7,4,Life Sciences,1,872,1,Female,80,2,1,Laboratory Technician,2,Married,4757,4407,1,Y,No,11,3,4,80,3,9,1,2,9,3,0,6
25,No,Travel_Rarely,805,Sales,25,3,Life Sciences,1,873,3,Male,76,1,2,Research Scientist,2,Married,6528,8156,1,Y,No,19,3,4,80,0,6,3,4,6,1,1,6
30,No,Travel_Rarely,1161,Human Resources,1,5,Medical,1,874,4,Male,40,4,3,Research Scientist,1,Married,9323,13539,3,Y,Yes,17,4,3,80,0,9,2,3,9,1,1,2
37,No,Travel_Frequently,650,Research & Development,5,3,Life Sciences,1,875,1,Female,72,3,1,Manager,3,Married,3939,24678,2,Y,No,15,3,1,80,0,18,2,4,6,3,3,2
53,Yes,Travel_Frequently,564,Research & Development,14,3,Medical,1,876,1,Male,39,3,3,Healthcare Representative,2,Married,10251,23812,0,Y,Yes,17,3,3,80,0,33,2,2,17,1,1,5
32,No,Travel_Rarely,1257,Research & Development,3,4,Life Sciences,1,877,1,Male,58,3,1,Research Scientist,1,Married,5068,19991,8,Y,No,15,3,4,80,3,14,2,2,12,0,0,2
39,No,Travel_Frequently,1289,Sales,2,4,Medical,1,878,1,Male,70,3,3,Research Director,4,Divorced,8947,2695,5,Y,Yes,20,3,2,80,0,20,2,3,16,0,0,2
37,No,Travel_Rarely,427,Sales,10,3,Medical,1,879,3,Male,69,3,1,Laboratory Technician,4,Single,5604,10596,1,Y,No,17,3,4,80,2,19,2,3,0,0,0,0
48,No,Travel_Frequently,542,Research & Development,1,2,Life Sciences,1,880,3,Male,38,3,3,Research Scientist,4,Single,9616,19088,2,Y,No,14,3,1,80,1,30,3,3,24,1,0,5
60,No,Travel_Rarely,1255,Sales,16,2,Life Sciences,1,881,3,Male,32,1,2,Laboratory Technician,3,Married,8001,5307,6,Y,Yes,19,4,3,80,0,40,3,3,4,4,2,4
32,No,Travel_Rarely,213,Sales,2,4,Human Resources,1,882,3,Male,86,3,2,Manufacturing Director,4,Divorced,6891,22045,0,Y,No,20,3,3,80,0,14,3,3,11,1,1,1
33,No,Non-Travel,557,Sales,8,3,Medical,1,883,4,Male,81,2,2,Laboratory Technician,4,Married,7239,24871,2,Y,Yes,18,4,2,80,0,14,3,3,1,1,1,1
46,No,Travel_Rarely,728,Research & Development,13,4,Medical,1,884,3,Female,36,3,1,Laboratory Technician,3,Single,5842,10913,2,Y,Yes,16,4,4,80,0,26,4,3,4,2,2,4
43,No,Travel_Rarely,363,Research & Development,3,5,Life Sciences,1,885,4,Female,39,2,2,Laboratory Technician,3,Married,8207,19673,1,Y,No,12,3,3,80,1,22,2,3,2,2,0,0
54,No,Travel_Rarely,353,Sales,2,4,Medical,1,886,3,Female,92,3,1,Sales Executive,1,Married,6410,5785,5,Y,No,17,3,2,80,0,35,6,3,2,1,0,2
42,No,Travel_Rarely,696,Sales,3,3,Medical,1,887,4,Female,84,3,1,Manager,4,Single,5928,19299,1,Y,No,16,3,3,80,1,22,2,3,1,1,1,1
34,No,Travel_Rarely,1156,Research & Development,18,4,Medical,1,888,3,Male,100,2,1,Laboratory Technician,3,Married,3575,2628,0,Y,No,15,3,4,80,1,13,3,3,11,8,1,5
42,No,Travel_Rarely,1276,Sales,12,3,Marketing,1,889,3,Female,48,4,1,Sales Executive,4,Divorced,7514,5849,0,Y,Yes,17,4,2,80,0,24,3,2,0,0,0,0
47,No,Travel_Rarely,1470,Sales,3,2,Life Sciences,1,890,4,Male,64,4,2,Healthcare Representative,3,Married,7498,19774,0,Y,No,15,3,4,80,0,26,3,3,3,3,3,1
44,No,Travel_Rarely,205,Sales,12,1,Life Sciences,1,891,1,Female,47,2,1,Research Director,4,Married,5249,19823,1,Y,No,17,3,2,80,2,23,6,4,1,1,1,1
42,No,Travel_Rarely,405,Research & Development,12,3,Technical Degree,1,892,3,Female,74,3,2,Research Director,4,Married,7147,18062,3,Y,Yes,18,3,2,80,0,22,2,2,6,2,0,3
47,No,Travel_Rarely,1159,Research & Development,29,5,Other,1,893,3,Female,38,3,1,Research Scientist,4,Single,5121,13983,1,Y,No,11,3,1,80,0,26,2,3,2,2,1,2
48,No,Travel_Rarely,857,Research & Development,5,3,Life Sciences,1,894,4,Female,39,3,1,Sales Executive,2,Divorced,5265,18903,3,Y,No,12,3,1,80,1,30,1,3,2,2,2,2
49,Yes,Non-Travel,560,Research & Development,19,2,Medical,1,895,3,Male,35,2,2,Laboratory Technician,1,Married,8033,21366,3,Y,Yes,12,3,2,80,3,30,1,3,5,5,3,5
43,No,Travel_Rarely,389,Research & Development,6,5,Life Sciences,1,896,3,Male,79,2,2,Sales Executive,4,Married,7611,26164,1,Y,Yes,21,3,4,80,3,24,3,4,7,4,3,2
35,No,Travel_Rarely,494,Research & Development,22,1,Life Sciences,1,897,2,Male,65,4,1,Research Director,4,Married,5179,24226,2,Y,No,17,3,1,80,0,15,0,3,1,1,1,1
38,No,Travel_Frequently,702,Research & Development,2,4,Life Sciences,1,898,4,Male,73,4,2,Sales Executive,2,Married,7173,21882,3,Y,No,17,4,2,80,1,20,4,3,1,1,0,0
48,Yes,Travel_Frequently,349,Research & Development,3,3,Life Sciences,1,899,2,Male,92,3,1,Research Scientist,4,Married,6134,19397,2,Y,Yes,18,3,2,80,0,30,3,3,2,2,2,2
30,No,Travel_Rarely,1449,Sales,18,1,Marketing,1,900,4,Female,82,4,1,Research Scientist,3,Single,3558,16393,1,Y,No,12,4,3,80,3,9,2,2,9,4,3,1
40,No,Travel_Frequently,252,Sales,16,5,Medical,1,901,1,Female,62,3,2,Research Scientist,1,Divorced,6810,5098,2,Y,No,11,3,4,80,0,20,2,3,4,4,1,2
33,No,Travel_Rarely,1479,Research & Development,4,2,Life Sciences,1,902,2,Male,99,2,1,Manager,3,Divorced,5129,6217,9,Y,No,15,3,4,80,0,15,1,4,6,1,0,5
37,No,Travel_Frequently,1278,Research & Development,9,3,Life Sciences,1,903,2,Female,62,3,1,Laboratory Technician,4,Married,4889,22523,1,Y,Yes,18,3,1,80,2,19,5,3,2,2,2,1
49,No,Travel_Rarely,693,Research & Development,5,3,Technical Degree,1,904,3,Female,38,2,2,Sales Executive,3,Divorced,8314,22101,1,Y,No,14,3,3,80,3,31,3,2,5,5,1,2
39,No,Travel_Rarely,1136,Research & Development,1,2,Life Sciences,1,905,2,Female,99,3,1,Research Scientist,4,Single,5292,17397,2,Y,No,11,3,3,80,1,20,2,3,1,1,0,1
37,No,Travel_Rarely,1040,Human Resources,1,1,Medical,1,906,1,Female,32,4,1,Laboratory Technician,1,Married,5126,13023,0,Y,Yes,12,3,3,80,0,18,1,3,0,0,0,0
25,No,Travel_Frequently,400,Sales,2,2,Life Sciences,1,907,2,Male,68,3,2,Sales Executive,4,Married,6246,2742,2,Y,No,11,4,3,80,1,6,2,3,4,1,1,2
44,No,Travel_Rarely,576,Research & Development,9,2,Medical,1,908,2,Female,52,3,1,Manufacturing Director,4,Married,6028,10242,1,Y,No,13,3,4,80,2,23,1,2,4,4,2,4
43,No,Travel_Rarely,819,Research & Development,4,4,Life Sciences,1,909,2,Female,65,3,1,Laboratory Technician,3,Married,6126,12570,0,Y,Yes,12,4,2,80,1,22,4,2,1,1,1,1
56,No,Travel_Rarely,993,Human Resources,2,3,Life Sciences,1,910,2,Male,69,2,5,Healthcare Representative,2,Married,15386,14193,2,Y,Yes,15,3,2,80,0,35,3,3,8,1,0,3
34,No,Non-Travel,860,Human Resources,26,3,Life Sciences,1,911,4,Male,47,3,3,Research Director,3,Single,9371,25239,0,Y,Yes,13,4,2,80,0,16,2,3,16,1,0,4
39,No,Travel_Frequently,763,Research & Development,2,3,Life Sciences,1,912,3,Female,69,3,1,Sales Representative,4,Married,4216,4801,1,Y,No,17,3,3,80,2,20,4,3,4,3,1,2
39,No,Travel_Rarely,721,Sales,11,5,Medical,1,913,3,Male,83,3,2,Research Director,1,Single,6413,15016,0,Y,No,12,3,2,80,1,21,1,4,7,0,0,1
51,No,Travel_Rarely,798,Research & Development,21,5,Medical,1,914,4,Female,49,4,3,Research Scientist,3,Married,9820,11257,0,Y,No,16,3,3,80,1,33,2,3,23,3,0,3
36,No,Travel_Rarely,709,Sales,3,4,Life Sciences,1,915,3,Female,57,3,2,Sales Executive,1,Single,6270,26752,4,Y,No,15,4,4,80,0,16,3,3,12,8,2,7
40,No,Travel_Rarely,858,Research & Development,3,5,Life Sciences,1,916,4,Male,49,3,2,Research Scientist,3,Single,7672,23559,6,Y,No,16,3,3,80,1,22,1,3,4,4,0,2
42,No,Non-Travel,1343,Research & Development,9,3,Medical,1,917,2,Male,87,3,2,Sales Representative,3,Married,7677,13022,1,Y,No,17,3,3,80,3,21,2,4,9,0,0,1
39,No,Travel_Rarely,986,Research & Development,7,3,Medical,1,918,3,Female,81,2,2,Human Resources,4,Married,6813,26991,2,Y,No,17,3,4,80,0,20,3,2,1,1,0,1
33,No,Travel_Rarely,1112,Research & Development,8,4,Other,1,919,3,Male,91,3,3,Sales Representative,3,Divorced,9472,14897,1,Y,Yes,17,3,4,80,1,14,2,2,5,4,0,2
39,No,Travel_Rarely,937,Research & Development,8,4,Medical,1,920,3,Male,42,2,2,Sales Executive,3,Married,8443,6256,2,Y,No,17,4,3,80,0,21,2,3,2,1,1,0
47,No,Travel_Rarely,1000,Research & Development,28,3,Medical,1,921,3,Male,35,3,2,Research Director,4,Married,6231,15938,1,Y,Yes,16,3,3,80,0,26,3,4,1,0,0,1
28,No,Travel_Rarely,910,Research & Development,1,3,Medical,1,922,2,Male,38,3,2,Laboratory Technician,2,Divorced,5017,7728,1,Y,No,13,3,4,80,1,7,2,3,4,1,1,2
38,No,Travel_Rarely,140,Research & Development,14,5,Other,1,923,4,Female,41,2,2,Sales Executive,3,Married,7838,17941,3,Y,No,18,3,2,80,2,17,1,3,1,1,0,1
31,No,Travel_Rarely,1498,Research & Development,3,4,Technical Degree,1,924,3,Male,67,4,2,Laboratory Technician,4,Single,7256,25441,0,Y,Yes,13,4,3,80,1,12,1,3,8,0,0,1
48,Yes,Travel_Rarely,149,Research & Development,5,3,Life Sciences,1,925,1,Female,98,3,1,Sales Executive,2,Married,6362,21674,0,Y,Yes,14,4,1,80,0,27,2,3,4,1,1,3
23,Yes,Travel_Rarely,654,Sales,2,4,Life Sciences,1,926,3,Male,55,2,2,Laboratory Technician,1,Divorced,5769,8897,4,Y,No,12,3,4,80,0,2,1,3,2,2,2,2
32,No,Travel_Rarely,249,Research & Development,6,3,Life Sciences,1,927,4,Male,97,3,2,Research Scientist,3,Married,6638,9487,3,Y,No,12,3,1,80,3,14,4,3,1,1,1,1
40,Yes,Travel_Rarely,237,Research & Development,16,2,Medical,1,928,2,Female,33,4,1,Laboratory Technician,2,Single,5829,3820,2,Y,No,14,3,2,80,0,20,4,3,1,1,1,1
51,Yes,Travel_Frequently,1211,Sales,2,3,Marketing,1,929,1,Female,95,1,1,Manufacturing Director,2,Single,6341,9214,2,Y,Yes,14,3,3,80,2,30,2,1,6,4,1,0
36,No,Travel_Rarely,697,Sales,4,3,Medical,1,930,4,Male,43,3,3,Sales Representative,4,Single,9886,4401,2,Y,No,13,3,4,80,0,18,4,3,18,0,0,10
32,No,Travel_Rarely,1221,Sales,5,1,Life Sciences,1,931,4,Male,94,3,1,Manufacturing Director,3,Married,4375,14533,1,Y,No,15,3,2,80,3,14,2,3,1,1,1,1
54,No,Travel_Frequently,483,Research & Development,2,4,Marketing,1,932,1,Male,34,3,1,Laboratory Technician,4,Married,6454,19735,1,Y,No,15,3,4,80,3,33,1,4,2,1,1,1
24,Yes,Travel_Rarely,460,Research & Development,14,3,Technical Degree,1,933,4,Male,96,1,1,Manager,1,Single,4832,20802,2,Y,Yes,13,3,3,80,0,4,3,3,4,2,2,0
18,No,Travel_Rarely,453,Research & Development,15,3,Life Sciences,1,934,2,Female,44,3,1,Sales Representative,4,Divorced,3932,3577,2,Y,No,22,3,3,80,1,0,3,3,0,0,0,0
41,No,Travel_Rarely,963,Sales,17,2,Medical,1,935,4,Male,51,3,1,Sales Executive,4,Married,6019,10561,3,Y,No,16,3,4,80,0,21,1,4,15,1,1,1
32,No,Travel_Rarely,1241,Research & Development,9,2,Medical,1,936,3,Male,64,4,2,Laboratory Technician,4,Married,7007,9271,3,Y,No,15,3,1,80,0,11,2,2,5,5,0,0
28,Yes,Travel_Rarely,734,Sales,7,5,Human Resources,1,937,4,Male,57,1,1,Research Scientist,2,Divorced,4100,4692,1,Y,Yes,13,3,4,80,0,8,0,2,4,2,2,4
43,No,Travel_Rarely,632,Research & Development,4,3,Technical Degree,1,938,4,Female,77,3,1,Sales Executive,3,Single,4983,11121,1,Y,No,15,3,4,80,1,25,2,3,3,0,0,2
39,Yes,Travel_Frequently,1462,Research & Development,11,5,Medical,1,939,1,Female,98,2,2,Manufacturing Director,3,Married,6682,9549,1,Y,Yes,16,3,4,80,0,21,2,3,2,2,1,2
32,No,Travel_Frequently,265,Sales,6,5,Marketing,1,940,1,Male,72,3,2,Sales Representative,4,Married,5693,17896,2,Y,No,15,4,4,80,1,12,3,3,3,3,2,3
25,No,Travel_Rarely,782,Research & Development,29,3,Human Resources,1,941,3,Female,81,1,2,Sales Executive,4,Divorced,4595,24093,2,Y,No,19,3,4,80,0,6,2,4,6,4,3,5
45,Yes,Travel_Rarely,673,Sales,29,3,Medical,1,942,1,Male,36,1,2,Manager,1,Divorced,8473,13422,6,Y,Yes,11,3,2,80,0,25,0,3,9,2,2,6
43,No,Travel_Rarely,239,Research & Development,22,4,Life Sciences,1,943,3,Male,74,3,2,Sales Representative,4,Single,5851,20690,3,Y,No,14,3,2,80,1,22,2,2,8,5,2,8
36,No,Travel_Rarely,477,Research & Development,5,5,Marketing,1,944,4,Female,62,1,2,Sales Representative,4,Divorced,8449,5730,6,Y,No,17,3,2,80,1,17,4,3,11,0,0,2
54,No,Travel_Rarely,142,Research & Development,5,4,Life Sciences,1,945,2,Female,92,3,2,Research Scientist,3,Single,7898,24383,3,Y,Yes,12,3,1,80,1,34,2,2,2,1,1,2
27,No,Travel_Frequently,1327,Sales,18,4,Life Sciences,1,946,3,Female,57,4,2,Sales Representative,1,Divorced,5937,5894,9,Y,No,11,3,4,80,1,7,2,3,7,2,0,4
23,No,Travel_Rarely,951,Sales,13,4,Technical Degree,1,947,3,Male,78,4,1,Research Scientist,4,Divorced,2908,6878,3,Y,No,13,3,1,80,2,4,2,2,4,0,0,0
31,No,Non-Travel,1241,Research & Development,12,3,Marketing,1,948,3,Male,46,2,3,Laboratory Technician,3,Single,8588,4745,8,Y,Yes,18,3,1,80,0,11,3,3,11,4,4,3
37,No,Travel_Frequently,831,Sales,4,3,Life Sciences,1,949,2,Female,48,3,1,Sales Executive,4,Married,4871,9807,0,Y,No,12,4,4,80,0,16,2,3,3,2,1,3
39,No,Travel_Frequently,940,Research & Development,17,4,Life Sciences,1,950,2,Male,56,3,2,Sales Executive,4,Single,7329,15852,0,Y,Yes,14,3,4,80,1,21,1,2,7,1,0,7
35,No,Travel_Rarely,1081,Human Resources,9,4,Life Sciences,1,951,4,Male,51,3,3,Healthcare Representative,1,Married,7890,26700,2,Y,No,16,3,4,80,1,14,2,3,14,0,0,1
40,No,Travel_Rarely,1370,Sales,6,1,Life Sciences,1,952,4,Male,48,4,1,Laboratory Technician,3,Married,5785,21853,9,Y,No,13,3,4,80,1,20,1,3,4,4,4,3
26,No,Travel_Rarely,230,Sales,19,3,Life Sciences,1,953,4,Female,33,3,1,Research Scientist,3,Married,3781,11569,1,Y,No,14,3,3,80,1,8,2,3,0,0,0,0
50,No,Travel_Rarely,564,Research & Development,6,2,Marketing,1,954,4,Male,89,3,1,Sales Executive,4,Divorced,6343,16435,1,Y,No,13,3,4,80,0,31,0,3,5,2,0,1
36,No,Travel_Rarely,1093,Human Resources,11,3,Life Sciences,1,955,3,Male,35,3,2,Manufacturing Director,2,Married,7170,17617,2,Y,No,13,3,3,80,0,15,2,4,3,2,2,0
47,No,Travel_Rarely,1441,Research & Development,7,5,Medical,1,956,3,Female,92,3,3,Sales Executive,2,Married,10801,22584,3,Y,Yes,12,3,4,80,1,28,3,3,8,1,1,2
40,No,Travel_Rarely,1472,Research & Development,9,1,Life Sciences,1,957,3,Male,39,3,3,Manager,4,Divorced,9805,20435,1,Y,No,14,3,1,80,0,22,2,3,21,3,0,5
41,No,Travel_Rarely,993,Research & Development,1,2,Other,1,958,1,Male,35,3,1,Sales Executive,1,Divorced,5552,16272,3,Y,Yes,18,3,4,80,0,21,3,3,5,0,0,1
42,No,Travel_Frequently,372,Sales,7,3,Life Sciences,1,959,3,Male,69,2,1,Sales Executive,3,Single,5714,18760,9,Y,Yes,20,3,3,80,1,24,2,3,4,2,1,2
41,No,Travel_Rarely,269,Human Resources,8,4,Life Sciences,1,960,1,Male,65,2,2,Research Scientist,2,Divorced,7691,20671,6,Y,No,19,3,3,80,1,23,5,2,7,3,1,1
43,No,Travel_Rarely,1424,Human Resources,7,3,Life Sciences,1,961,3,Male,64,2,2,Laboratory Technician,3,Single,8133,5410,1,Y,No,15,3,4,80,1,24,5,2,1,1,1,0
49,No,Travel_Rarely,708,Sales,18,2,Medical,1,962,2,Male,70,2,1,Research Scientist,3,Divorced,5445,7086,1,Y,No,20,3,4,80,0,28,4,4,2,1,1,2
39,No,Non-Travel,374,Sales,4,2,Medical,1,963,3,Female,50,2,2,Research Scientist,3,Single,8003,19243,1,Y,Yes,22,3,4,80,3,21,5,4,18,4,2,0
43,No,Travel_Rarely,1407,Sales,20,3,Medical,1,964,2,Male,76,3,2,Research Director,4,Single,6690,23274,1,Y,No,16,3,2,80,1,23,2,2,8,3,0,3
36,No,Travel_Rarely,248,Sales,6,3,Medical,1,965,3,Female,65,3,1,Manufacturing Director,1,Married,5605,12287,0,Y,No,12,4,2,80,0,18,3,3,0,0,0,0
50,No,Travel_Rarely,1121,Research & Development,12,3,Life Sciences,1,966,3,Male,53,3,1,Sales Executive,3,Married,6713,26498,4,Y,No,19,3,1,80,0,31,2,2,2,2,0,0
31,No,Non-Travel,975,Research & Development,2,5,Medical,1,967,4,Male,88,3,2,Laboratory Technician,3,Married,5863,7475,1,Y,No,11,3,1,80,0,10,3,3,8,1,1,2
53,Yes,Travel_Frequently,225,Sales,3,3,Medical,1,968,1,Male,81,4,1,Sales Representative,3,Single,5206,12472,5,Y,Yes,12,3,2,80,1,33,2,2,10,7,2,3
37,No,Travel_Rarely,575,Research & Development,14,2,Life Sciences,1,969,3,Male,58,3,2,Research Scientist,3,Married,6828,11521,7,Y,No,11,3,4,80,0,18,2,1,13,0,0,0
24,No,Travel_Rarely,311,Human Resources,1,4,Life Sciences,1,970,3,Female,89,3,2,Sales Executive,1,Divorced,3976,25263,0,Y,No,17,3,3,80,0,6,5,3,2,0,0,2
38,No,Travel_Rarely,946,Research & Development,29,3,Life Sciences,1,971,4,Male,94,4,3,Healthcare Representative,4,Married,8857,9201,9,Y,No,11,3,4,80,0,20,2,3,19,0,0,5
31,Yes,Travel_Rarely,769,Research & Development,3,4,Life Sciences,1,972,2,Male,68,2,1,Manufacturing Director,3,Single,3601,13819,3,Y,Yes,18,3,3,80,1,10,3,2,6,6,1,4
45,No,Travel_Rarely,108,Sales,22,3,Medical,1,973,2,Female,45,3,2,Laboratory Technician,2,Married,10171,6757,2,Y,Yes,20,3,3,80,1,26,3,3,8,0,0,0
31,No,Travel_Frequently,1465,Human Resources,8,3,Life Sciences,1,974,2,Female,94,3,2,Sales Executive,3,Single,7407,15076,1,Y,No,20,3,1,80,1,12,2,3,6,6,1,3
33,No,Non-Travel,590,Research & Development,8,4,Life Sciences,1,975,2,Female,43,3,1,Sales Executive,2,Divorced,4818,23448,2,Y,Yes,11,4,4,80,2,12,2,3,1,1,1,1
20,Yes,Travel_Rarely,463,Sales,2,5,Life Sciences,1,976,3,Male,33,1,1,Manufacturing Director,1,Divorced,4866,9666,1,Y,Yes,11,3,4,80,0,0,1,4,0,0,0,0
33,No,Travel_Rarely,413,Sales,5,3,Other,1,977,4,Female,53,3,2,Sales Executive,1,Married,7284,22287,2,Y,Yes,13,4,2,80,1,14,5,3,1,1,1,1
18,Yes,Travel_Rarely,324,Sales,3,3,Technical Degree,1,978,2,Male,81,2,2,Laboratory Technician,1,Married,4669,24790,0,Y,Yes,18,3,2,80,0,0,5,2,0,0,0,0
23,Yes,Travel_Rarely,1498,Sales,8,3,Life Sciences,1,979,1,Male,95,4,2,Laboratory Technician,1,Divorced,5420,3911,2,Y,Yes,19,3,2,80,1,4,3,2,4,3,3,4
44,No,Travel_Frequently,514,Research & Development,8,5,Life Sciences,1,980,2,Male,75,3,2,Research Scientist,3,Married,8264,20933,1,Y,Yes,17,4,4,80,1,23,4,3,7,3,1,5
44,No,Travel_Rarely,669,Research & Development,12,5,Life Sciences,1,981,1,Male,97,3,3,Research Director,3,Divorced,8712,8453,0,Y,No,17,4,4,80,0,26,1,2,13,2,0,4
41,No,Travel_Rarely,1319,Research & Development,20,2,Medical,1,982,4,Male,36,2,2,Manager,3,Married,7756,6461,2,Y,Yes,22,3,3,80,0,23,2,3,5,0,0,3
28,No,Travel_Rarely,999,Research & Development,7,2,Life Sciences,1,983,4,Male,34,3,1,Healthcare Representative,1,Divorced,5060,17065,2,Y,No,14,3,2,80,2,9,2,1,3,3,3,3
37,No,Travel_Rarely,617,Research & Development,3,3,Medical,1,984,2,Female,72,3,4,Sales Executive,4,Married,10431,19667,1,Y,No,13,3,2,80,0,18,3,3,18,6,0,5
37,No,Travel_Frequently,1357,Research & Development,5,2,Medical,1,985,2,Male,98,3,2,Sales Executive,4,Married,7242,11926,0,Y,No,11,3,1,80,0,19,1,2,0,0,0,0
27,No,Travel_Rarely,1149,Research & Development,18,3,Human Resources,1,986,4,Male,65,3,3,Laboratory Technician,4,Divorced,8625,3070,6,Y,No,16,3,1,80,3,7,3,3,7,5,2,1
51,Yes,Travel_Frequently,420,Sales,2,2,Life Sciences,1,987,1,Male,34,3,2,Sales Executive,2,Married,8627,24725,2,Y,No,14,3,2,80,1,30,3,3,2,1,0,1
45,No,Travel_Rarely,1001,Research & Development,10,4,Technical Degree,1,988,3,Female,45,3,1,Human Resources,3,Married,6159,20293,0,Y,No,17,3,1,80,1,25,1,3,13,7,1,7
35,No,Travel_Frequently,1391,Research & Development,1,5,Technical Degree,1,989,4,Male,47,4,1,Sales Executive,1,Single,4990,8860,2,Y,Yes,14,3,3,80,2,15,1,3,1,1,1,0
37,No,Travel_Rarely,796,Sales,4,5,Life Sciences,1,990,3,Male,54,2,1,Laboratory Technician,4,Married,5630,14468,2,Y,No,17,3,2,80,0,17,0,4,6,0,0,4
39,No,Travel_Frequently,1127,Research & Development,9,3,Life Sciences,1,991,1,Female,33,3,2,Research Scientist,1,Married,5663,2786,0,Y,Yes,14,3,3,80,0,21,3,3,15,6,1,9
19,Yes,Travel_Rarely,1459,Research & Development,6,3,Life Sciences,1,992,2,Female,93,3,1,Manufacturing Director,2,Single,4980,10544,2,Y,Yes,15,3,3,80,1,0,2,3,0,0,0,0
35,No,Travel_Rarely,1067,Human Resources,7,4,Life Sciences,1,993,4,Male,66,3,3,Sales Executive,3,Single,8494,15108,4,Y,No,15,3,3,80,1,15,2,3,10,3,1,10
31,No,Travel_Rarely,245,Research & Development,11,2,Life Sciences,1,994,1,Female,77,3,2,Laboratory Technician,3,Married,6052,14975,3,Y,No,11,3,3,80,0,13,3,3,11,1,1,3
28,No,Travel_Rarely,444,Research & Development,3,4,Medical,1,995,3,Female,35,4,3,Research Scientist,3,Married,8440,7279,1,Y,No,15,3,2,80,0,7,1,1,7,1,0,0
34,No,Travel_Rarely,933,Research & Development,4,3,Medical,1,996,4,Female,34,3,2,Sales Representative,1,Married,7257,21439,5,Y,No,17,3,4,80,0,15,2,2,15,2,0,5
53,No,Travel_Rarely,487,Research & Development,11,2,Other,1,997,4,Male,71,3,1,Sales Executive,3,Single,5579,9537,1,Y,No,12,3,4,80,2,32,3,3,4,4,2,1
43,No,Non-Travel,1440,Research & Development,8,3,Life Sciences,1,998,3,Female,92,3,1,Sales Representative,4,Married,5694,16549,7,Y,No,21,3,2,80,0,23,3,3,1,0,0,1
32,No,Travel_Rarely,668,Research & Development,1,2,Other,1,999,2,Male,67,3,2,Manager,4,Single,6670,8856,0,Y,No,15,3,1,80,3,13,3,2,0,0,0,0
42,No,Travel_Frequently,741,Research & Development,11,4,Life Sciences,1,1000,3,Male,91,3,2,Research Scientist,3,Married,7338,12683,2,Y,No,13,4,4,80,3,22,1,3,2,1,1,1
50,No,Non-Travel,1082,Research & Development,10,3,Marketing,1,1001,2,Male,87,2,1,Manager,3,Single,7579,7262,2,Y,Yes,13,3,4,80,1,31,1,2,1,1,1,1
45,No,Travel_Rarely,834,Research & Development,2,3,Life Sciences,1,1002,2,Male,35,1,1,Sales Executive,1,Single,5784,17859,1,Y,No,19,3,1,80,1,25,3,4,6,6,1,1
38,No,Travel_Rarely,636,Research & Development,13,2,Life Sciences,1,1003,4,Male,44,4,1,Research Director,2,Single,5056,12693,4,Y,No,13,3,1,80,0,17,0,2,1,1,1,1
31,No,Travel_Rarely,209,Sales,8,4,Technical Degree,1,1004,1,Female,76,3,1,Laboratory Technician,2,Married,4056,2495,2,Y,No,16,3,4,80,0,10,4,2,0,0,0,0
43,No,Travel_Rarely,935,Sales,3,3,Life Sciences,1,1005,1,Male,61,3,1,Research Scientist,3,Single,4980,2795,0,Y,Yes,18,3,2,80,1,23,2,3,0,0,0,0
41,No,Travel_Rarely,1314,Sales,8,3,Medical,1,1006,2,Male,50,3,4,Research Scientist,4,Married,11274,13828,2,Y,No,17,4,4,80,0,22,2,3,12,2,1,1
45,No,Non-Travel,1060,Research & Development,9,3,Medical,1,1007,3,Male,59,3,3,Sales Executive,3,Married,8944,6657,2,Y,No,13,3,2,80,0,24,2,3,6,3,2,3
43,No,Travel_Rarely,635,Sales,24,3,Medical,1,1008,3,Male,61,3,1,Human Resources,1,Married,5570,16664,1,Y,Yes,18,3,4,80,1,24,4,3,3,3,2,3
46,No,Travel_Rarely,280,Sales,13,2,Medical,1,1009,4,Female,94,2,2,Sales Executive,3,Married,7919,12260,9,Y,No,15,3,1,80,0,27,3,3,16,0,0,7
32,Yes,Travel_Rarely,1242,Research & Development,4,4,Marketing,1,1010,3,Male,37,4,1,Manufacturing Director,1,Divorced,4731,18392,6,Y,Yes,11,3,2,80,1,11,2,3,1,1,1,0
49,No,Travel_Frequently,1418,Research & Development,2,2,Life Sciences,1,1011,3,Male,50,1,3,Laboratory Technician,4,Single,9988,25813,1,Y,Yes,19,4,4,80,0,31,3,2,27,1,1,6
39,No,Travel_Rarely,644,Research & Development,18,2,Medical,1,1012,3,Male,68,3,2,Research Director,1,Married,7385,15262,2,Y,Yes,13,3,2,80,0,21,2,3,7,7,1,2
56,No,Travel_Rarely,1120,Sales,18,4,Human Resources,1,1013,2,Male,79,3,1,Research Scientist,3,Single,7260,21704,1,Y,No,14,3,1,80,0,37,2,4,1,1,1,1
31,No,Travel_Rarely,676,Human Resources,3,2,Life Sciences,1,1014,3,Male,74,3,2,Laboratory Technician,4,Single,8513,20848,4,Y,No,16,3,4,80,3,10,2,2,8,4,3,0
53,No,Travel_Rarely,804,Research & Development,2,3,Life Sciences,1,1015,3,Female,96,2,3,Laboratory Technician,2,Married,11183,25051,7,Y,No,13,3,1,80,2,35,2,3,10,1,1,2
39,Yes,Non-Travel,1271,Research & Development,12,3,Marketing,1,1016,1,Female,86,3,3,Healthcare Representative,1,Married,8630,7424,1,Y,Yes,17,3,1,80,0,19,2,2,4,1,1,1
31,No,Travel_Frequently,219,Research & Development,13,3,Medical,1,1017,2,Male,69,3,3,Sales Executive,3,Divorced,9332,22699,4,Y,Yes,12,3,2,80,0,12,1,1,12,1,1,1
33,No,Travel_Rarely,843,Research & Development,3,4,Life Sciences,1,1018,3,Female,45,3,1,Sales Executive,1,Married,4157,24646,2,Y,No,13,3,3,80,3,15,0,2,1,1,1,1
34,No,Travel_Rarely,402,Sales,11,4,Life Sciences,1,1019,3,Female,62,3,1,Sales Executive,3,Divorced,4387,11876,1,Y,No,19,3,4,80,0,13,1,1,2,2,2,2
41,Yes,Travel_Rarely,577,Sales,4,4,Medical,1,1020,3,Female,79,1,1,Healthcare Representative,4,Single,5966,9910,7,Y,No,15,3,4,80,0,20,2,2,1,1,1,1
42,No,Travel_Rarely,1002,Sales,4,4,Life Sciences,1,1021,3,Male,89,3,3,Sales Executive,2,Single,9781,25804,2,Y,Yes,12,4,3,80,0,23,4,3,2,1,1,2
32,No,Travel_Rarely,140,Research & Development,5,3,Medical,1,1022,3,Male,97,3,2,Laboratory Technician,3,Single,6961,17725,2,Y,No,15,3,3,80,1,11,3,1,2,2,0,2
37,No,Travel_Rarely,932,Research & Development,8,3,Marketing,1,1023,4,Male,72,4,3,Sales Executive,4,Single,8288,11575,3,Y,No,16,3,2,80,0,17,5,3,17,4,2,2
56,No,Travel_Rarely,498,Research & Development,16,3,Life Sciences,1,1024,3,Female,67,3,2,Sales Representative,3,Married,8013,21814,1,Y,Yes,11,3,4,80,0,36,2,3,1,0,0,1
53,No,Non-Travel,1037,Sales,7,3,Medical,1,1025,3,Female,31,3,1,Research Director,4,Married,6705,9677,1,Y,No,20,3,4,80,1,35,2,3,4,2,1,2
41,No,Travel_Rarely,300,Research & Development,4,5,Other,1,1026,1,Male,35,3,3,Laboratory Technician,1,Single,8798,6487,7,Y,No,20,3,4,80,0,20,3,4,5,2,0,1
37,No,Non-Travel,1130,Research & Development,20,4,Marketing,1,1027,2,Male,41,4,2,Research Scientist,4,Divorced,7671,15642,3,Y,No,15,3,4,80,1,17,3,3,16,1,0,1
38,No,Travel_Rarely,1004,Research & Development,2,2,Technical Degree,1,1028,4,Female,34,4,4,Research Scientist,3,Divorced,10498,16196,4,Y,Yes,14,3,2,80,1,19,2,3,19,1,0,3
43,No,Travel_Rarely,1459,Research & Development,15,1,Medical,1,1029,2,Female,58,3,3,Sales Executive,4,Single,8915,22659,1,Y,No,15,3,3,80,1,22,3,2,10,3,2,2
28,Yes,Travel_Frequently,1375,Sales,15,1,Marketing,1,1030,2,Female,54,4,1,Research Scientist,1,Single,3299,13476,2,Y,Yes,18,3,3,80,0,10,3,3,10,1,1,0
35,No,Travel_Rarely,498,Research & Development,4,3,Life Sciences,1,1031,3,Female,75,3,2,Manufacturing Director,2,Single,7580,22381,9,Y,No,16,3,2,80,1,16,3,4,11,4,0,5
22,Yes,Travel_Rarely,140,Research & Development,3,2,Life Sciences,1,1032,1,Male,67,4,2,Laboratory Technician,1,Single,6098,9847,1,Y,Yes,16,3,1,80,0,3,3,2,3,3,1,3
41,No,Travel_Rarely,1018,Sales,20,3,Life Sciences,1,1033,3,Male,72,3,1,Research Director,4,Single,3731,16424,0,Y,Yes,19,3,4,80,0,22,5,3,9,2,0,3
43,No,Travel_Rarely,944,Sales,8,4,Life Sciences,1,1034,2,Female,63,4,1,Research Scientist,3,Married,5996,7286,2,Y,No,18,4,3,80,1,23,5,3,1,1,1,0
33,No,Non-Travel,140,Research & Development,1,4,Technical Degree,1,1035,3,Male,49,4,1,Healthcare Representative,4,Single,4599,11694,1,Y,No,12,3,3,80,1,14,2,3,4,0,0,1
51,No,Travel_Frequently,273,Research & Development,21,2,Life Sciences,1,1036,4,Male,97,2,2,Laboratory Technician,2,Married,8701,23451,0,Y,No,18,3,3,80,0,31,0,3,7,6,1,7
26,Yes,Travel_Rarely,919,Research & Development,5,3,Medical,1,1037,3,Female,36,4,2,Laboratory Technician,1,Divorced,6076,7473,5,Y,Yes,18,3,4,80,0,7,0,2,3,1,1,3
24,Yes,Travel_Rarely,1376,Sales,5,3,Marketing,1,1038,3,Male,96,3,1,Research Scientist,2,Married,3477,22273,9,Y,No,16,3,1,80,0,4,1,2,2,2,2,1
39,No,Travel_Rarely,1368,Research & Development,10,4,Medical,1,1039,3,Female,52,3,3,Laboratory Technician,3,Divorced,10223,9139,2,Y,Yes,17,3,3,80,1,18,1,2,6,6,2,1
46,No,Travel_Rarely,314,Research & Development,11,4,Life Sciences,1,1040,4,Male,66,3,4,Laboratory Technician,4,Single,12538,2953,4,Y,Yes,14,3,3,80,1,26,2,3,19,3,2,2
52,Yes,Travel_Rarely,639,Research & Development,5,5,Medical,1,1041,4,Female,38,3,1,Healthcare Representative,2,Married,6211,4832,5,Y,Yes,11,3,4,80,1,32,0,3,0,0,0,0
33,No,Travel_Rarely,162,Research & Development,2,3,Life Sciences,1,1042,2,Male,35,4,2,Research Director,4,Married,6858,20670,3,Y,Yes,21,3,3,80,1,12,3,4,10,2,0,3
47,No,Travel_Rarely,758,Sales,8,4,Life Sciences,1,1043,2,Male,60,3,2,Research Scientist,2,Single,7473,8621,0,Y,No,11,4,4,80,2,28,2,3,9,0,0,9
37,No,Travel_Rarely,1154,Research & Development,10,2,Other,1,1044,2,Female,82,3,3,Sales Executive,4,Single,7315,18385,0,Y,Yes,20,3,2,80,0,16,2,2,16,5,4,1
35,No,Travel_Rarely,1206,Research & Development,19,3,Life Sciences,1,1045,2,Male,49,1,3,Laboratory Technician,4,Married,9734,19508,0,Y,No,15,3,4,80,0,16,1,2,16,0,0,0
45,No,Travel_Rarely,799,Human Resources,7,3,Life Sciences,1,1046,1,Female,69,3,3,Laboratory Technician,2,Married,8762,10689,0,Y,No,19,3,4,80,2,25,4,3,10,4,2,7
43,No,Travel_Rarely,236,Research & Development,10,3,Technical Degree,1,1047,2,Female,50,3,1,Sales Executive,1,Married,6739,13922,1,Y,Yes,15,3,3,80,0,24,3,3,5,0,0,0
23,Yes,Non-Travel,635,Research & Development,2,4,Life Sciences,1,1048,4,Male,57,3,1,Healthcare Representative,2,Married,4598,12150,1,Y,No,18,3,2,80,0,3,2,3,2,2,0,2
50,Yes,Travel_Frequently,1404,Research & Development,21,3,Medical,1,1049,3,Male,93,3,1,Human Resources,1,Married,6510,25688,1,Y,Yes,16,3,3,80,0,31,5,1,6,1,0,3
49,No,Travel_Rarely,423,Research & Development,5,2,Life Sciences,1,1050,2,Male,90,2,2,Research Director,4,Single,7887,10062,0,Y,No,13,3,4,80,3,29,1,3,10,2,2,9
31,No,Travel_Rarely,549,Research & Development,10,1,Life Sciences,1,1051,3,Male,66,3,1,Sales Executive,4,Married,5241,6660,2,Y,No,15,3,3,80,0,11,4,3,11,3,2,1
41,No,Travel_Frequently,1145,Research & Development,23,1,Life Sciences,1,1052,4,Female,47,1,2,Sales Representative,4,Single,6696,11199,1,Y,No,15,3,3,80,0,23,2,1,11,2,1,0
41,No,Non-Travel,1127,Research & Development,16,1,Life Sciences,1,1053,2,Female,44,3,1,Healthcare Representative,4,Single,6628,18768,4,Y,No,17,4,3,80,1,22,2,3,2,1,1,2
39,No,Travel_Frequently,1376,Research & Development,10,2,Medical,1,1054,3,Female,97,3,2,Laboratory Technician,2,Divorced,7315,19462,0,Y,Yes,15,3,4,80,0,20,1,3,6,2,1,2
32,Yes,Travel_Rarely,644,Research & Development,12,3,Marketing,1,1055,1,Female,44,1,2,Laboratory Technician,1,Married,7916,25108,5,Y,Yes,16,3,1,80,3,14,1,3,3,1,0,1
31,No,Non-Travel,821,Sales,24,3,Medical,1,1056,3,Male,87,4,2,Manager,4,Married,6382,24054,8,Y,No,12,4,1,80,0,11,4,3,0,0,0,0
37,No,Travel_Rarely,755,Research & Development,16,5,Other,1,1057,2,Female,56,3,2,Laboratory Technician,3,Single,7074,9275,3,Y,No,11,4,1,80,1,17,3,3,2,1,1,2
48,No,Travel_Frequently,1398,Sales,9,3,Life Sciences,1,1058,3,Female,99,3,1,Research Scientist,3,Married,6411,13430,3,Y,No,15,3,2,80,0,30,2,1,1,1,0,1
42,No,Non-Travel,1177,Research & Development,11,2,Medical,1,1059,3,Female,56,3,2,Laboratory Technician,4,Single,7981,20705,7,Y,No,16,3,3,80,2,24,2,4,13,1,1,1
34,No,Travel_Rarely,1264,Research & Development,2,3,Medical,1,1060,3,Female,55,3,1,Laboratory Technician,3,Single,6289,24920,1,Y,Yes,12,3,4,80,2,13,1,2,2,2,1,2
44,Yes,Non-Travel,288,Research & Development,7,4,Other,1,1061,3,Male,75,3,1,Sales Executive,1,Single,5370,10491,9,Y,Yes,17,3,2,80,1,24,1,3,2,2,1,2
18,Yes,Travel_Rarely,1208,Research & Development,4,4,Life Sciences,1,1062,3,Female,97,3,1,Sales Representative,4,Divorced,3698,13163,4,Y,No,17,3,1,80,2,0,4,3,0,0,0,0
47,No,Non-Travel,707,Research & Development,6,3,Medical,1,1063,1,Male,98,3,1,Manufacturing Director,3,Married,6025,24496,3,Y,No,15,3,3,80,0,28,2,2,3,2,2,3
21,No,Travel_Rarely,135,Research & Development,11,3,Technical Degree,1,1064,3,Male,80,3,1,Manufacturing Director,4,Married,1948,11022,1,Y,Yes,15,3,4,80,3,0,2,3,0,0,0,0
34,No,Non-Travel,186,Sales,2,4,Life Sciences,1,1065,4,Male,83,2,1,Sales Executive,3,Married,4636,14061,2,Y,No,11,3,2,80,1,16,5,1,2,0,0,1
27,No,Travel_Rarely,1049,Research & Development,1,4,Technical Degree,1,1066,4,Female,69,4,2,Manufacturing Director,2,Divorced,5928,24621,3,Y,No,11,3,4,80,2,9,2,3,1,1,1,0
25,No,Travel_Rarely,622,Sales,6,4,Life Sciences,1,1067,4,Female,83,4,1,Sales Executive,1,Single,6470,22074,2,Y,Yes,16,3,1,80,1,7,2,3,1,1,0,1
47,No,Travel_Rarely,1315,Research & Development,4,4,Marketing,1,1068,1,Female,90,3,1,Sales Executive,4,Single,6327,8157,3,Y,No,13,3,2,80,0,29,2,2,1,1,1,1
33,No,Travel_Rarely,1128,Research & Development,6,4,Other,1,1069,2,Female,64,2,3,Laboratory Technician,3,Married,8755,10183,0,Y,No,13,4,4,80,1,12,3,2,6,5,2,1
40,No,Travel_Rarely,132,Research & Development,25,3,Medical,1,1070,3,Male,73,2,2,Research Scientist,3,Divorced,5945,10884,1,Y,No,16,4,3,80,0,19,3,3,1,1,1,1
37,No,Travel_Rarely,1062,Sales,12,3,Medical,1,1071,2,Female,68,3,1,Laboratory Technician,3,Divorced,5030,24826,1,Y,No,21,3,4,80,1,16,0,3,3,1,1,0
41,No,Travel_Rarely,371,Sales,5,4,Life Sciences,1,1072,1,Male,69,2,3,Sales Executive,3,Single,9989,26972,1,Y,Yes,14,3,4,80,0,23,3,3,14,5,0,1
38,No,Travel_Rarely,692,Research & Development,3,4,Other,1,1073,3,Male,92,3,3,Laboratory Technician,2,Divorced,11013,21371,0,Y,Yes,21,3,2,80,0,20,4,3,4,3,0,2
25,No,Travel_Rarely,975,Research & Development,10,1,Medical,1,1074,2,Male,55,4,1,Sales Executive,2,Divorced,3653,14156,0,Y,No,15,3,3,80,3,5,3,3,5,5,4,1
46,No,Non-Travel,1321,Research & Development,11,5,Life Sciences,1,1075,2,Female,45,4,2,Human Resources,2,Single,6228,2347,1,Y,Yes,17,3,3,80,2,26,4,3,5,3,3,1
33,No,Travel_Rarely,739,Research & Development,7,2,Marketing,1,1076,4,Female,62,1,1,Laboratory Technician,2,Married,4380,19465,2,Y,Yes,18,3,4,80,2,15,2,2,4,4,1,4
23,No,Travel_Rarely,1231,Research & Development,3,3,Medical,1,1077,2,Male,45,4,2,Manufacturing Director,3,Married,5223,11791,0,Y,No,18,3,3,80,1,3,2,3,3,3,2,2
33,No,Travel_Rarely,1196,Sales,1,4,Life Sciences,1,1078,1,Male,65,3,2,Research Scientist,1,Divorced,6110,17859,7,Y,No,16,3,1,80,1,14,3,3,1,0,0,1
51,No,Travel_Rarely,681,Human Resources,4,3,Life Sciences,1,1079,1,Female,93,2,1,Sales Executive,3,Single,7086,17204,4,Y,Yes,14,4,3,80,1,32,1,4,1,1,1,0
45,No,Travel_Rarely,802,Research & Development,6,3,Life Sciences,1,1080,4,Male,73,3,1,Human Resources,2,Divorced,6234,14069,3,Y,Yes,17,3,4,80,0,27,1,3,7,3,3,1
34,No,Travel_Rarely,1081,Sales,15,2,Medical,1,1081,3,Female,90,3,2,Research Scientist,2,Married,5737,25614,0,Y,Yes,16,3,1,80,2,13,1,4,5,0,0,2
34,No,Travel_Frequently,146,Research & Development,18,3,Medical,1,1082,1,Female,42,4,2,Laboratory Technician,4,Married,7933,2670,2,Y,No,14,3,2,80,2,15,3,3,11,2,2,1
34,No,Travel_Frequently,1346,Sales,6,2,Medical,1,1083,2,Male,93,2,3,Manufacturing Director,1,Married,10114,19830,2,Y,No,19,3,2,80,1,15,0,3,15,0,0,0
56,No,Travel_Rarely,1177,Human Resources,15,3,Technical Degree,1,1084,4,Male,72,2,1,Sales Executive,3,Married,5236,12301,9,Y,No,16,3,4,80,3,35,2,3,3,3,0,3
40,Yes,Travel_Rarely,450,Sales,29,3,Technical Degree,1,1085,2,Female,32,3,1,Manager,1,Divorced,6342,19871,3,Y,No,13,3,2,80,1,20,1,3,6,2,2,6
41,No,Travel_Rarely,1473,Research & Development,12,5,Medical,1,1086,4,Female,74,4,2,Laboratory Technician,4,Divorced,7064,18910,2,Y,No,12,3,2,80,0,20,3,3,5,5,2,0
46,No,Travel_Rarely,353,Sales,13,5,Life Sciences,1,1087,3,Male,97,4,3,Research Scientist,4,Divorced,8726,2349,5,Y,No,21,3,3,80,3,26,2,3,26,1,1,1
39,No,Travel_Frequently,1379,Research & Development,23,2,Marketing,1,1088,2,Female,36,2,2,Sales Executive,3,Single,5956,9200,0,Y,No,14,3,1,80,0,19,2,4,12,3,2,10
35,No,Travel_Rarely,555,Research & Development,5,4,Medical,1,1089,4,Male,71,3,2,Sales Executive,4,Married,6358,6803,0,Y,No,17,4,2,80,1,14,3,3,14,1,0,0
35,No,Travel_Rarely,1168,Research & Development,1,2,Medical,1,1090,2,Male,94,4,2,Sales Representative,2,Single,6383,6253,3,Y,No,16,3,3,80,0,15,3,3,2,2,2,2
36,No,Travel_Rarely,740,Research & Development,29,1,Medical,1,1091,2,Female,31,3,2,Manufacturing Director,1,Married,7078,20237,0,Y,No,17,3,2,80,1,17,2,3,10,4,2,10
37,Yes,Travel_Frequently,1131,Research & Development,7,2,Life Sciences,1,1092,2,Female,74,4,2,Research Scientist,2,Married,8837,8060,0,Y,Yes,21,4,2,80,1,19,2,2,2,2,0,2
44,No,Travel_Rarely,320,Sales,15,5,Other,1,1093,4,Male,63,4,2,Sales Executive,2,Married,7114,13917,3,Y,No,18,3,1,80,1,24,3,3,2,2,1,2
37,No,Travel_Rarely,479,Research & Development,16,5,Life Sciences,1,1094,2,Female,54,2,2,Healthcare Representative,3,Married,5915,8245,1,Y,No,18,3,3,80,1,18,5,3,18,6,2,1
44,No,Travel_Rarely,242,Sales,6,2,Medical,1,1095,3,Male,74,3,1,Laboratory Technician,2,Divorced,5376,16545,2,Y,Yes,14,3,4,80,0,23,0,3,0,0,0,0
36,No,Travel_Rarely,1311,Human Resources,8,2,Life Sciences,1,1096,1,Male,34,1,3,Research Scientist,3,Single,9514,20040,6,Y,No,13,3,3,80,1,16,2,3,16,1,1,7
38,No,Non-Travel,516,Research & Development,8,3,Other,1,1097,4,Male,83,3,1,Research Scientist,4,Married,5122,10339,1,Y,No,22,3,3,80,2,19,2,2,1,1,0,1
19,Yes,Travel_Rarely,1072,Research & Development,3,3,Life Sciences,1,1098,2,Female,30,3,1,Sales Executive,2,Married,4321,17112,1,Y,Yes,15,3,2,80,0,0,3,3,0,0,0,0
45,No,Travel_Rarely,1248,Research & Development,2,3,Life Sciences,1,1099,2,Male,51,4,1,Manufacturing Director,1,Single,5856,22637,0,Y,No,15,3,1,80,0,24,3,3,2,1,1,2
40,No,Non-Travel,1361,Sales,8,3,Life Sciences,1,1100,3,Male,65,4,2,Human Resources,3,Single,7409,4441,0,Y,No,16,3,4,80,0,22,2,3,3,2,0,3
46,No,Travel_Rarely,250,Sales,2,4,Life Sciences,1,1101,3,Male,56,1,2,Sales Executive,3,Divorced,8950,19793,0,Y,No,16,3,2,80,3,26,2,3,2,2,2,2
18,No,Travel_Rarely,1350,Sales,5,3,Life Sciences,1,1102,4,Female,52,2,1,Laboratory Technician,1,Divorced,3025,10142,0,Y,Yes,20,4,2,80,1,0,5,2,0,0,0,0
56,No,Travel_Rarely,378,Research & Development,3,5,Medical,1,1103,2,Female,88,3,1,Laboratory Technician,1,Divorced,5847,5149,1,Y,No,17,3,4,80,3,36,3,2,3,3,0,3
36,No,Travel_Rarely,1131,Sales,12,4,Medical,1,1104,4,Female,95,4,1,Laboratory Technician,3,Divorced,4353,15684,1,Y,No,11,3,4,80,1,16,5,3,7,2,1,2
47,Yes,Travel_Rarely,1120,Sales,20,3,Life Sciences,1,1105,3,Male,91,3,1,Research Scientist,2,Single,6156,7729,3,Y,Yes,13,3,4,80,0,26,4,1,0,0,0,0
28,No,Travel_Frequently,114,Research & Development,9,4,Life Sciences,1,1106,1,Female,67,4,1,Manager,4,Married,4483,22550,5,Y,Yes,15,3,3,80,2,8,2,3,0,0,0,0
43,No,Travel_Rarely,410,Human Resources,6,4,Technical Degree,1,1107,4,Male,92,3,3,Laboratory Technician,1,Married,9888,3162,4,Y,Yes,18,3,1,80,0,24,1,3,1,1,1,1
28,No,Travel_Rarely,789,Research & Development,29,3,Marketing,1,1108,3,Female,94,3,2,Laboratory Technician,1,Married,6259,4551,2,Y,No,11,3,4,80,0,9,3,4,4,4,1,1
31,No,Travel_Frequently,689,Research & Development,1,3,Marketing,1,1109,3,Female,59,1,1,Research Scientist,3,Married,4684,15069,0,Y,No,16,3,4,80,0,13,2,4,12,3,0,5
54,No,Travel_Rarely,1385,Sales,4,5,Marketing,1,1110,4,Male,50,2,2,Sales Executive,4,Married,8743,16762,3,Y,No,17,3,2,80,0,36,2,3,15,1,1,4
35,No,Travel_Rarely,605,Research & Development,4,2,Life Sciences,1,1111,3,Female,37,3,1,Sales Executive,3,Married,6437,20272,1,Y,No,18,3,4,80,0,16,2,3,2,2,1,2
39,Yes,Travel_Rarely,1411,Research & Development,5,1,Life Sciences,1,1112,1,Male,64,4,3,Healthcare Representative,2,Married,8150,8551,0,Y,Yes,15,3,3,80,0,21,5,3,6,3,3,1
45,No,Travel_Frequently,744,Sales,3,3,Life Sciences,1,1113,4,Male,96,3,4,Sales Executive,1,Single,10624,23058,5,Y,Yes,18,3,3,80,0,27,1,2,10,6,0,3
41,Yes,Travel_Frequently,1449,Sales,4,4,Technical Degree,1,1114,2,Male,69,4,1,Healthcare Representative,3,Married,5593,25832,1,Y,Yes,13,3,2,80,0,22,2,2,2,2,1,1
38,No,Non-Travel,1132,Research & Development,4,4,Other,1,1115,3,Male,77,3,2,Research Scientist,2,Married,8746,14523,1,Y,Yes,18,3,3,80,2,19,3,3,4,1,1,4
40,No,Travel_Frequently,1261,Research & Development,7,5,Medical,1,1116,2,Male,38,3,2,Research Scientist,3,Married,6423,21035,5,Y,No,15,4,1,80,0,21,4,3,5,2,0,0
59,No,Travel_Rarely,249,Sales,5,3,Life Sciences,1,1117,2,Female,40,3,1,Laboratory Technician,3,Single,6832,15165,6,Y,No,15,3,3,80,0,38,5,2,1,1,1,1
36,No,Travel_Rarely,921,Research & Development,10,2,Life Sciences,1,1118,3,Male,63,3,1,Research Scientist,2,Married,4298,3824,1,Y,No,15,4,2,80,0,15,3,3,0,0,0,0
39,No,Travel_Frequently,301,Research & Development,8,3,Life Sciences,1,1119,3,Female,97,4,1,Sales Executive,1,Single,5719,10216,1,Y,Yes,17,3,3,80,1,20,0,3,1,1,1,1
46,No,Travel_Rarely,518,Research & Development,3,4,Medical,1,1120,3,Male,55,3,2,Research Scientist,4,Married,6029,4273,2,Y,No,12,3,3,80,1,26,2,4,7,7,2,7
47,No,Travel_Rarely,973,Research & Development,16,2,Life Sciences,1,1121,4,Male,91,3,1,Manufacturing Director,3,Divorced,5211,26722,3,Y,No,18,3,4,80,2,28,5,2,1,1,0,1
48,No,Travel_Rarely,1117,Research & Development,7,2,Other,1,1122,2,Female,38,4,1,Manufacturing Director,4,Married,6983,7798,0,Y,Yes,18,3,2,80,2,27,2,2,1,1,1,1
43,No,Travel_Rarely,157,Research & Development,2,1,Life Sciences,1,1123,3,Male,73,4,1,Research Scientist,2,Single,5807,17931,2,Y,Yes,14,3,4,80,0,25,3,4,3,0,0,0
27,Yes,Non-Travel,844,Research & Development,3,3,Other,1,1124,4,Male,72,3,2,Laboratory Technician,3,Married,5564,9176,8,Y,Yes,15,3,3,80,0,7,2,1,1,0,0,1
52,No,Travel_Rarely,892,Research & Development,15,5,Marketing,1,1125,3,Female,90,3,1,Sales Executive,1,Married,6323,18363,1,Y,Yes,12,3,4,80,0,32,0,3,1,1,1,1
27,No,Travel_Rarely,212,Research & Development,12,4,Marketing,1,1126,3,Male,30,2,1,Sales Executive,2,Divorced,4469,7334,6,Y,No,12,3,3,80,3,9,3,3,9,2,1,7
40,No,Non-Travel,801,Research & Development,7,5,Medical,1,1127,3,Male,43,1,1,Sales Executive,3,Married,5849,21651,7,Y,No,16,3,4,80,1,20,4,3,0,0,0,0
30,No,Travel_Rarely,1099,Research & Development,4,2,Medical,1,1128,3,Male,45,1,2,Sales Representative,4,Married,4899,4854,1,Y,No,16,3,3,80,0,12,6,3,7,0,0,0
36,Yes,Travel_Rarely,176,Research & Development,7,5,Medical,1,1129,3,Female,96,4,1,Sales Executive,2,Married,4171,24388,4,Y,No,14,4,3,80,0,15,4,3,3,3,3,2
40,No,Travel_Rarely,1164,Sales,10,4,Medical,1,1130,2,Female,41,2,2,Research Scientist,4,Single,6436,23025,1,Y,Yes,11,3,2,80,1,20,3,2,8,1,1,2
40,No,Travel_Frequently,907,Research & Development,20,3,Medical,1,1131,3,Female,33,3,3,Research Scientist,3,Single,9504,19000,3,Y,No,16,3,4,80,0,20,3,2,6,6,0,0
41,Yes,Travel_Frequently,1266,Research & Development,8,5,Other,1,1132,1,Female,67,3,2,Sales Executive,2,Married,7435,3773,4,Y,Yes,14,3,4,80,2,23,4,3,2,2,1,1
52,No,Travel_Frequently,407,Research & Development,4,3,Marketing,1,1133,4,Male,67,4,2,Manufacturing Director,4,Married,9472,7288,1,Y,Yes,13,4,3,80,1,34,0,3,13,0,0,1
41,No,Travel_Rarely,1266,Sales,1,5,Marketing,1,1134,4,Male,89,2,1,Sales Executive,3,Married,6063,23496,3,Y,No,19,3,2,80,1,20,5,3,5,5,2,2
35,No,Travel_Rarely,234,Research & Development,3,5,Technical Degree,1,1135,2,Female,96,3,3,Sales Executive,3,Single,8483,5132,4,Y,No,12,3,4,80,0,17,2,4,12,4,0,3
46,No,Travel_Frequently,666,Research & Development,10,4,Life Sciences,1,1136,1,Male,68,3,1,Manufacturing Director,3,Single,6000,5977,1,Y,No,17,3,4,80,0,28,5,4,4,2,1,4
48,No,Travel_Frequently,381,Sales,3,3,Life Sciences,1,1137,3,Male,95,3,4,Research Scientist,3,Married,12395,15642,0,Y,Yes,11,3,2,80,1,27,3,2,27,2,1,0
26,No,Travel_Rarely,1326,Research & Development,7,2,Medical,1,1138,4,Male,81,3,1,Healthcare Representative,4,Single,5507,8922,0,Y,No,11,4,4,80,1,7,1,3,7,0,0,5
42,No,Travel_Rarely,1087,Sales,12,3,Medical,1,1139,4,Male,49,3,4,Laboratory Technician,2,Married,10963,7625,2,Y,Yes,16,3,1,80,0,23,1,2,23,3,3,3
43,No,Non-Travel,137,Sales,4,3,Technical Degree,1,1140,2,Female,95,1,1,Research Scientist,1,Single,5012,16435,9,Y,Yes,14,3,4,80,1,25,2,4,5,5,1,5
34,No,Travel_Frequently,115,Research & Development,11,4,Medical,1,1141,1,Male,77,3,1,Manufacturing Director,4,Married,3159,11373,4,Y,No,11,3,4,80,2,13,2,3,4,0,0,2
49,No,Travel_Frequently,509,Research & Development,9,4,Medical,1,1142,4,Male,59,2,3,Sales Executive,4,Divorced,8119,5595,1,Y,No,18,3,2,80,0,30,2,3,10,1,1,7
36,No,Travel_Frequently,302,Research & Development,6,5,Medical,1,1143,2,Male,78,4,1,Laboratory Technician,2,Single,5378,15415,2,Y,Yes,16,4,2,80,1,15,3,3,15,7,2,6
38,No,Travel_Rarely,983,Sales,21,1,Life Sciences,1,1144,3,Female,58,3,3,Laboratory Technician,1,Married,9362,11733,1,Y,Yes,11,4,3,80,0,20,2,3,20,1,1,2
35,No,Travel_Rarely,1029,Human Resources,12,4,Medical,1,1145,1,Male,38,4,1,Research Scientist,3,Single,4620,20387,0,Y,Yes,18,3,3,80,1,17,0,2,3,3,1,1
37,No,Travel_Rarely,1418,Sales,5,5,Technical Degree,1,1146,4,Male,80,2,2,Manufacturing Director,1,Married,7921,4653,2,Y,No,12,3,4,80,0,16,5,3,11,2,2,8
27,No,Travel_Rarely,1432,Sales,16,4,Life Sciences,1,1147,1,Female,88,3,1,Sales Representative,3,Married,4194,17550,2,Y,No,11,3,4,80,1,7,2,3,2,2,2,2
24,No,Travel_Frequently,1022,Sales,13,2,Medical,1,1148,3,Female,81,3,2,Human Resources,1,Married,5609,12965,2,Y,No,13,3,3,80,0,6,4,3,6,2,1,6
51,No,Travel_Rarely,110,Research & Development,15,2,Medical,1,1149,3,Male,46,2,1,Manufacturing Director,3,Married,7377,12207,8,Y,No,15,4,4,80,0,33,1,3,1,1,1,1
29,No,Travel_Rarely,604,Research & Development,10,1,Life Sciences,1,1150,4,Male,97,3,1,Research Scientist,1,Divorced,5511,7879,2,Y,Yes,15,3,3,80,1,11,4,2,3,0,0,3
28,No,Travel_Rarely,819,Research & Development,5,4,Life Sciences,1,1151,1,Male,32,3,2,Research Scientist,3,Single,6359,2852,2,Y,Yes,11,3,4,80,1,10,1,3,10,4,3,0
18,No,Travel_Rarely,799,Research & Development,5,4,Other,1,1152,2,Male,53,4,1,Research Scientist,3,Single,4214,23206,0,Y,No,11,3,4,80,2,0,3,3,0,0,0,0
31,No,Travel_Rarely,945,Sales,11,5,Life Sciences,1,1153,1,Male,48,3,3,Laboratory Technician,3,Divorced,8715,10223,9,Y,No,13,3,4,80,1,10,3,3,7,3,1,7
25,No,Travel_Rarely,1444,Research & Development,2,3,Life Sciences,1,1154,4,Male,33,2,2,Research Scientist,1,Married,7660,19057,4,Y,Yes,13,4,1,80,1,4,4,1,4,3,0,1
52,No,Travel_Rarely,1339,Research & Development,16,3,Life Sciences,1,1155,3,Male,58,3,3,Sales Representative,1,Divorced,9775,25694,5,Y,No,17,3,3,80,1,31,2,1,1,1,1,0
46,No,Travel_Rarely,254,Research & Development,5,4,Medical,1,1156,3,Male,74,3,2,Research Scientist,2,Married,6736,16165,1,Y,No,14,3,3,80,0,26,1,3,3,0,0,3
31,No,Non-Travel,474,Sales,10,4,Medical,1,1157,1,Female,92,2,3,Research Scientist,3,Divorced,8700,11985,2,Y,No,17,3,3,80,0,10,4,3,6,5,1,4
57,No,Travel_Rarely,1266,Research & Development,7,5,Medical,1,1158,3,Female,99,3,1,Research Scientist,3,Married,6730,8775,2,Y,No,18,3,3,80,0,36,2,2,1,1,1,1
46,Yes,Travel_Rarely,1254,Research & Development,8,4,Life Sciences,1,1159,3,Female,87,3,2,Manager,1,Married,7930,25356,1,Y,No,17,3,4,80,0,28,2,3,11,1,0,1
34,No,Travel_Rarely,487,Research & Development,13,3,Human Resources,1,1160,2,Male,63,4,2,Manufacturing Director,4,Divorced,6695,19081,3,Y,Yes,11,3,2,80,0,14,2,4,14,0,0,2
18,No,Travel_Rarely,1123,Research & Development,10,4,Life Sciences,1,1161,4,Male,81,3,1,Manufacturing Director,4,Married,2527,18663,6,Y,No,14,3,3,80,3,0,1,3,0,0,0,0
58,No,Travel_Rarely,1041,Sales,4,4,Life Sciences,1,1162,1,Female,89,3,1,Research Scientist,3,Single,7049,12707,0,Y,Yes,15,3,2,80,2,38,2,3,1,1,1,1
24,No,Travel_Frequently,764,Research & Development,2,3,Medical,1,1163,3,Male,63,1,2,Manager,2,Single,5713,23140,0,Y,Yes,15,4,2,80,3,5,2,3,4,4,4,1
22,No,Travel_Frequently,383,Sales,18,2,Life Sciences,1,1164,4,Male,85,2,2,Sales Executive,4,Single,5513,19868,3,Y,No,11,4,3,80,3,2,2,2,2,2,2,2
46,No,Travel_Rarely,1343,Research & Development,20,2,Technical Degree,1,1165,4,Male,64,4,3,Sales Representative,4,Single,9161,9147,1,Y,No,13,3,1,80,0,26,2,3,2,2,0,2
59,No,Travel_Rarely,1049,Research & Development,3,1,Other,1,1166,4,Female,57,4,1,Laboratory Technician,4,Single,6969,17027,2,Y,No,11,3,2,80,0,40,2,3,0,0,0,0
49,No,Non-Travel,338,Sales,4,4,Life Sciences,1,1167,2,Female,67,3,1,Research Scientist,2,Married,6328,12808,3,Y,No,12,4,3,80,1,29,3,3,5,5,0,1
42,No,Travel_Frequently,1087,Human Resources,4,2,Technical Degree,1,1168,3,Male,77,3,1,Laboratory Technician,4,Married,5537,2258,1,Y,No,14,3,1,80,2,22,5,4,22,2,2,2
42,Yes,Travel_Rarely,1138,Research & Development,26,3,Marketing,1,1169,1,Male,81,3,1,Manufacturing Director,1,Married,6644,22208,4,Y,No,13,3,1,80,0,24,1,3,3,1,1,2
45,No,Travel_Rarely,1341,Sales,3,3,Other,1,1170,1,Female,55,4,1,Sales Executive,3,Married,6485,5153,2,Y,Yes,12,3,4,80,1,26,4,2,4,4,3,1
44,No,Travel_Rarely,413,Research & Development,3,3,Life Sciences,1,1171,3,Male,70,2,3,Sales Representative,3,Single,9342,14794,5,Y,No,14,4,4,80,0,25,5,4,24,1,1,6
40,No,Travel_Rarely,1483,Sales,3,3,Medical,1,1172,4,Female,94,3,1,Laboratory Technician,3,Single,4652,10468,4,Y,No,14,3,2,80,0,21,3,2,8,1,1,2
38,No,Travel_Rarely,316,Research & Development,13,4,Life Sciences,1,1173,1,Female,98,3,2,Research Scientist,3,Single,7504,10614,5,Y,Yes,16,3,2,80,0,18,6,3,9,1,1,5
36,Yes,Travel_Rarely,941,Research & Development,21,2,Technical Degree,1,1174,1,Female,46,3,1,Sales Executive,1,Married,4988,13983,0,Y,Yes,14,3,4,80,0,18,2,3,6,2,2,0
30,No,Travel_Rarely,1020,Human Resources,5,2,Life Sciences,1,1175,3,Male,43,3,1,Laboratory Technician,4,Single,4543,26925,1,Y,No,11,3,1,80,2,11,4,4,11,1,1,0
34,No,Travel_Rarely,687,Research & Development,2,3,Medical,1,1176,2,Male,77,3,2,Laboratory Technician,3,Single,5745,12265,0,Y,No,12,3,3,80,0,15,3,3,8,1,0,8
22,No,Travel_Frequently,766,Research & Development,9,3,Life Sciences,1,1177,3,Male,59,3,1,Research Scientist,4,Married,4371,6635,1,Y,No,14,4,3,80,3,3,2,3,3,2,1,3
36,No,Travel_Frequently,1347,Research & Development,3,3,Life Sciences,1,1178,2,Female,32,2,3,Manufacturing Director,1,Divorced,10835,17376,6,Y,No,14,3,4,80,0,17,3,3,8,6,2,2
28,No,Travel_Rarely,1003,Sales,2,2,Medical,1,1179,1,Female,54,3,2,Laboratory Technician,3,Single,5995,7979,2,Y,No,11,3,4,80,3,10,2,4,9,3,1,2
27,Yes,Travel_Frequently,796,Research & Development,21,5,Technical Degree,1,1180,3,Male,86,3,1,Research Director,3,Married,4938,4723,5,Y,No,17,4,2,80,1,8,1,3,2,2,2,1
39,No,Travel_Rarely,281,Research & Development,19,4,Medical,1,1181,4,Male,86,4,2,Laboratory Technician,3,Married,8117,3344,1,Y,Yes,16,3,3,80,1,19,1,2,3,1,1,3
50,No,Travel_Frequently,112,Sales,29,2,Technical Degree,1,1182,3,Female,65,3,1,Manager,4,Divorced,5782,2664,1,Y,No,13,3,3,80,0,30,3,3,11,1,1,0
45,No,Travel_Rarely,277,Research & Development,7,2,Life Sciences,1,1183,4,Female,63,1,2,Sales Executive,2,Divorced,5820,12832,6,Y,No,15,3,4,80,1,27,3,3,2,2,1,2
23,No,Travel_Rarely,1438,Research & Development,4,5,Medical,1,1184,2,Female,71,3,2,Research Scientist,2,Single,6316,12722,1,Y,No,12,3,4,80,2,2,2,3,2,2,2,2
28,No,Travel_Rarely,1169,Research & Development,14,4,Medical,1,1185,4,Male,45,2,1,Research Scientist,4,Single,4583,6715,4,Y,No,18,3,3,80,0,9,2,3,2,2,1,2
45,No,Travel_Rarely,1453,Sales,3,3,Life Sciences,1,1186,2,Male,67,3,1,Laboratory Technician,3,Divorced,6129,21620,1,Y,No,21,4,4,80,0,26,1,3,12,5,1,2
28,No,Non-Travel,152,Sales,4,4,Medical,1,1187,4,Female,31,1,1,Sales Representative,2,Married,4484,5313,7,Y,No,13,3,1,80,0,8,2,3,1,1,1,0
35,No,Travel_Rarely,1052,Sales,4,4,Medical,1,1188,3,Female,63,3,1,Sales Executive,3,Married,6088,24890,2,Y,No,19,3,3,80,0,17,4,3,12,9,0,3
42,No,Travel_Rarely,164,Research & Development,28,4,Medical,1,1189,2,Male,54,2,1,Sales Executive,3,Married,5402,16728,4,Y,Yes,12,3,1,80,0,21,4,2,6,2,1,0
28,No,Travel_Rarely,1195,Sales,13,3,Marketing,1,1190,2,Male,77,1,1,Sales Representative,4,Married,6177,2782,0,Y,No,13,3,2,80,1,8,3,2,1,1,1,1
38,No,Travel_Rarely,634,Research & Development,2,3,Medical,1,1191,3,Male,75,4,1,Sales Executive,1,Divorced,5718,26077,2,Y,No,19,3,3,80,0,17,6,2,5,2,2,0
25,No,Travel_Rarely,236,Sales,2,1,Life Sciences,1,1192,1,Male,57,4,1,Manufacturing Director,3,Divorced,5169,9763,6,Y,No,15,4,4,80,1,7,4,3,2,0,0,2
32,No,Travel_Rarely,896,Research & Development,18,5,Life Sciences,1,1193,4,Male,31,3,1,Laboratory Technician,3,Married,4925,13301,5,Y,No,17,3,3,80,2,14,1,3,3,1,1,0
40,No,Travel_Frequently,493,Research & Development,16,3,Medical,1,1194,2,Female,48,2,2,Manager,4,Single,7609,9174,0,Y,No,14,3,3,80,1,22,2,3,3,1,1,2
23,Yes,Travel_Frequently,1023,Research & Development,11,2,Life Sciences,1,1195,2,Male,74,4,2,Sales Executive,4,Divorced,4488,20235,1,Y,No,11,3,1,80,0,3,1,3,0,0,0,0
41,No,Non-Travel,1021,Sales,3,5,Life Sciences,1,1196,2,Female,35,4,3,Sales Executive,3,Single,8778,14190,1,Y,No,22,3,3,80,1,23,2,3,23,0,0,4
37,Yes,Travel_Rarely,1087,Research & Development,7,5,Medical,1,1197,1,Male,38,4,1,Laboratory Technician,2,Single,6022,5391,0,Y,Yes,14,3,3,80,0,17,3,4,0,0,0,0
42,No,Travel_Frequently,1488,Sales,9,5,Medical,1,1198,3,Female,75,3,3,Research Director,1,Divorced,9107,4689,3,Y,No,15,3,3,80,0,22,1,2,8,3,0,1
39,No,Travel_Rarely,642,Research & Development,25,4,Life Sciences,1,1199,3,Female,83,1,1,Research Scientist,2,Single,4500,20159,1,Y,No,13,3,2,80,0,20,4,3,3,3,0,3
49,No,Travel_Rarely,752,Research & Development,3,5,Marketing,1,1200,4,Male,53,2,2,Research Scientist,1,Single,7373,7999,1,Y,No,17,3,3,80,3,29,3,3,7,4,1,7
38,Yes,Travel_Rarely,1226,Sales,8,3,Medical,1,1201,1,Male,64,4,1,Manufacturing Director,4,Single,4686,5526,3,Y,Yes,17,4,3,80,1,18,3,2,3,3,1,0
33,No,Non-Travel,910,Research & Development,3,4,Life Sciences,1,1202,4,Male,96,4,2,Research Director,4,Divorced,6689,14532,2,Y,Yes,11,3,3,80,0,14,0,3,8,0,0,5
38,No,Travel_Frequently,154,Research & Development,6,4,Marketing,1,1203,2,Male,96,3,2,Manager,3,Married,6293,22087,3,Y,No,16,3,1,80,1,17,1,3,9,1,1,2
42,No,Non-Travel,1280,Sales,3,3,Medical,1,1204,4,Female,52,3,2,Human Resources,2,Married,8578,9037,8,Y,Yes,18,3,3,80,0,23,3,3,8,0,0,2
37,Yes,Travel_Frequently,174,Research & Development,17,2,Medical,1,1205,1,Female,87,3,2,Sales Executive,1,Single,7207,8979,0,Y,Yes,19,3,3,80,3,18,4,3,1,1,1,1
37,No,Non-Travel,341,Sales,4,5,Medical,1,1206,4,Male,72,3,1,Sales Executive,4,Married,4204,22862,3,Y,Yes,17,4,4,80,3,19,4,3,7,4,1,4
31,No,Travel_Frequently,245,Research & Development,6,3,Life Sciences,1,1207,3,Male,98,3,1,Manufacturing Director,4,Married,6069,5776,1,Y,No,17,3,4,80,0,13,3,3,2,1,1,2
31,No,Travel_Rarely,211,Research & Development,6,4,Marketing,1,1208,2,Male,63,3,2,Manager,2,Single,6523,17454,1,Y,Yes,13,3,4,80,0,12,2,2,0,0,0,0
24,No,Travel_Rarely,138,Sales,19,1,Life Sciences,1,1209,1,Female,84,2,2,Research Scientist,3,Married,6485,25879,0,Y,No,11,3,3,80,1,6,2,4,4,4,4,2
53,Yes,Travel_Rarely,179,Research & Development,14,1,Other,1,1210,3,Male,84,3,1,Research Scientist,2,Single,6765,23047,0,Y,No,14,3,2,80,1,34,4,3,4,3,1,3
26,No,Travel_Rarely,720,Research & Development,2,3,Technical Degree,1,1211,1,Male,65,3,2,Manager,2,Divorced,6574,3634,1,Y,No,11,3,4,80,0,8,1,3,4,4,2,1
31,No,Travel_Rarely,455,Research & Development,2,3,Medical,1,1212,3,Female,86,3,4,Sales Executive,1,Married,9805,10061,1,Y,No,13,3,3,80,1,11,3,2,9,1,1,3
31,No,Travel_Rarely,279,Research & Development,8,4,Life Sciences,1,1213,3,Female,48,2,1,Research Scientist,3,Divorced,5105,5640,6,Y,Yes,13,3,2,80,0,13,2,3,3,1,1,1
45,No,Travel_Rarely,1022,Research & Development,6,3,Life Sciences,1,1214,4,Male,39,2,2,Laboratory Technician,1,Single,7641,25735,3,Y,Yes,12,3,4,80,1,27,2,4,3,3,1,0
34,Yes,Non-Travel,418,Research & Development,4,2,Life Sciences,1,1215,4,Female,60,3,1,Laboratory Technician,1,Divorced,5210,26649,9,Y,Yes,17,3,1,80,0,14,2,4,0,0,0,0
48,No,Non-Travel,128,Research & Development,15,2,Medical,1,1216,2,Male,96,3,2,Healthcare Representative,1,Married,7771,7947,2,Y,No,12,3,2,80,1,29,5,3,8,3,3,4
31,No,Travel_Rarely,687,Research & Development,2,3,Life Sciences,1,1217,2,Male,65,3,2,Research Scientist,2,Married,6408,18773,1,Y,No,21,3,4,80,1,13,4,2,6,2,0,6
40,No,Travel_Rarely,536,Research & Development,29,2,Medical,1,1218,2,Female,74,3,1,Manufacturing Director,3,Divorced,4390,23055,1,Y,No,18,3,4,80,1,22,4,3,3,2,2,2
29,No,Travel_Rarely,547,Research & Development,1,4,Life Sciences,1,1219,4,Female,74,3,2,Laboratory Technician,2,Married,6316,7914,1,Y,Yes,19,3,4,80,1,9,2,3,9,4,4,3
56,No,Travel_Rarely,724,Research & Development,2,3,Other,1,1220,4,Male,39,3,1,Laboratory Technician,4,Single,6860,6768,1,Y,No,13,3,2,80,0,36,1,3,5,1,1,0
26,No,Travel_Frequently,1036,Research & Development,4,2,Life Sciences,1,1221,4,Male,57,3,1,Manufacturing Director,2,Married,5759,2373,3,Y,No,16,3,4,80,0,6,6,3,4,1,1,4
40,No,Travel_Rarely,963,Research & Development,7,3,Other,1,1222,4,Male,79,3,3,Research Scientist,2,Married,9303,12354,2,Y,No,12,3,4,80,0,19,1,3,5,5,1,3
43,No,Travel_Rarely,1411,Research & Development,3,2,Other,1,1223,4,Male,98,2,2,Sales Executive,2,Married,6860,24494,1,Y,No,16,3,4,80,0,23,2,3,7,1,1,5
41,No,Travel_Frequently,825,Research & Development,13,2,Medical,1,1224,4,Male,42,4,1,Sales Executive,2,Single,4748,24583,0,Y,Yes,11,3,4,80,0,22,2,2,8,2,0,5
35,Yes,Travel_Frequently,762,Research & Development,5,3,Marketing,1,1225,2,Male,59,4,1,Research Scientist,1,Married,5374,5275,0,Y,Yes,18,4,3,80,1,17,2,3,2,2,2,1
36,No,Travel_Rarely,400,Research & Development,1,4,Medical,1,1226,4,Male,37,3,1,Laboratory Technician,2,Single,4644,7183,1,Y,No,13,3,1,80,0,18,2,3,1,1,1,1
37,No,Travel_Frequently,1157,Sales,20,5,Medical,1,1227,4,Female,47,2,1,Manager,4,Married,4625,12256,0,Y,No,16,3,4,80,0,16,4,3,1,1,1,1
36,No,Travel_Rarely,299,Research & Development,27,4,Life Sciences,1,1228,2,Female,56,1,1,Healthcare Representative,3,Married,4641,21535,4,Y,No,16,3,4,80,2,18,5,4,7,2,2,0
46,No,Travel_Rarely,788,Research & Development,10,3,Life Sciences,1,1229,1,Female,68,3,3,Manager,4,Married,9377,17332,0,Y,No,13,4,2,80,1,28,2,3,14,6,2,3
57,Yes,Travel_Rarely,691,Research & Development,16,3,Medical,1,1230,2,Male,46,2,1,Research Scientist,1,Single,7429,14891,3,Y,No,13,3,4,80,0,38,1,3,4,4,0,4
32,No,Travel_Rarely,1022,Sales,2,3,Medical,1,1231,4,Female,46,3,1,Research Scientist,3,Married,3328,16836,1,Y,Yes,15,3,3,80,0,14,3,4,1,1,1,1
25,Yes,Travel_Rarely,1384,Sales,4,4,Medical,1,1232,3,Female,84,3,2,Research Scientist,2,Single,7116,4490,0,Y,Yes,17,3,3,80,0,6,2,3,6,2,0,6
36,No,Travel_Rarely,1424,Research & Development,5,5,Life Sciences,1,1233,2,Female,97,3,4,Sales Executive,4,Single,10237,13990,4,Y,No,15,4,3,80,0,15,6,3,13,1,1,8
60,No,Travel_Rarely,336,Research & Development,29,2,Life Sciences,1,1234,4,Female,53,4,2,Sales Executive,4,Divorced,8293,26801,2,Y,Yes,17,3,1,80,2,40,1,3,15,3,3,4
30,No,Travel_Frequently,468,Sales,7,1,Life Sciences,1,1235,1,Female,78,3,2,Laboratory Technician,4,Divorced,7110,4297,1,Y,No,17,3,2,80,0,10,1,3,7,6,3,1
52,No,Travel_Rarely,1236,Research & Development,1,4,Life Sciences,1,1236,4,Male,48,4,3,Human Resources,1,Married,9795,15026,6,Y,No,14,3,4,80,1,32,3,2,14,6,2,1
52,Yes,Travel_Rarely,826,Research & Development,5,4,Life Sciences,1,1237,4,Male,95,1,1,Sales Executive,2,Married,5443,9457,0,Y,Yes,15,3,2,80,3,31,3,3,0,0,0,0
32,No,Travel_Frequently,735,Sales,1,4,Life Sciences,1,1238,4,Female,77,2,2,Sales Executive,1,Divorced,5503,15541,1,Y,Yes,15,3,1,80,1,14,2,3,1,1,0,1
42,No,Travel_Rarely,1095,Research & Development,3,4,Life Sciences,1,1239,1,Female,86,3,1,Healthcare Representative,1,Divorced,6196,16385,3,Y,No,18,3,4,80,0,23,2,3,1,1,1,1
52,No,Non-Travel,943,Research & Development,6,5,Technical Degree,1,1240,4,Female,33,3,2,Research Scientist,1,Single,8768,16476,3,Y,No,14,4,2,80,1,32,2,3,9,9,0,3
34,No,Travel_Rarely,1458,Research & Development,5,3,Life Sciences,1,1241,2,Male,72,1,1,Manager,2,Divorced,4670,23318,1,Y,No,18,3,3,80,2,15,2,3,1,1,1,1
35,No,Travel_Rarely,918,Research & Development,1,5,Medical,1,1242,3,Male,67,3,1,Healthcare Representative,2,Married,6057,11801,0,Y,No,16,3,4,80,1,15,2,2,5,2,0,0
32,No,Travel_Rarely,753,Research & Development,2,5,Life Sciences,1,1243,3,Male,51,3,2,Research Director,3,Married,6669,14954,5,Y,No,13,3,3,80,2,13,4,3,4,0,0,4
28,No,Travel_Rarely,860,Human Resources,8,4,Technical Degree,1,1244,3,Female,48,4,1,Research Scientist,3,Single,5662,2366,1,Y,No,15,4,4,80,1,10,1,3,3,2,2,3
31,No,Travel_Rarely,1232,Research & Development,12,3,Medical,1,1245,4,Male,71,3,3,Manufacturing Director,4,Married,7434,21758,1,Y,No,12,4,4,80,2,10,2,3,10,0,0,7
26,No,Travel_Rarely,958,Sales,6,2,Life Sciences,1,1246,3,Male,79,3,1,Laboratory Technician,1,Single,3576,8557,2,Y,No,11,3,4,80,3,8,3,2,1,1,0,1
37,No,Travel_Rarely,1006,Sales,13,3,Medical,1,1247,4,Male,32,4,1,Manufacturing Director,1,Single,4829,22430,6,Y,No,17,3,3,80,1,18,0,3,3,3,1,3
30,No,Travel_Rarely,1459,Research & Development,3,3,Life Sciences,1,1248,2,Male,70,3,3,Laboratory Technician,3,Single,7880,8710,0,Y,No,17,3,3,80,1,10,4,3,10,2,1,4
39,No,Travel_Rarely,966,Research & Development,2,4,Medical,1,1249,3,Female,42,3,1,Sales Executive,3,Divorced,6241,2363,4,Y,No,15,3,3,80,1,19,3,3,0,0,0,0
23,No,Travel_Rarely,633,Sales,17,2,Life Sciences,1,1250,3,Female,40,3,1,Laboratory Technician,1,Divorced,4195,5950,2,Y,No,15,3,4,80,1,2,1,3,2,2,0,2
40,No,Travel_Rarely,1068,Research & Development,5,3,Other,1,1251,2,Female,74,3,3,Laboratory Technician,4,Single,8553,26642,1,Y,No,13,3,4,80,2,22,4,1,12,1,1,7
45,No,Travel_Rarely,1023,Sales,6,4,Medical,1,1252,4,Male,52,2,4,Manager,2,Divorced,11369,10059,3,Y,Yes,16,3,4,80,0,27,2,3,19,1,1,3
19,Yes,Travel_Rarely,121,Research & Development,28,2,Life Sciences,1,1253,3,Female,61,2,2,Healthcare Representative,2,Divorced,5338,4804,8,Y,No,21,3,3,80,1,1,3,3,1,1,0,1
40,No,Travel_Rarely,755,Research & Development,6,3,Marketing,1,1254,3,Male,55,3,1,Manufacturing Director,3,Married,4757,5052,1,Y,No,18,3,3,80,1,20,4,3,3,3,3,0
48,No,Travel_Frequently,1140,Research & Development,1,3,Life Sciences,1,1255,4,Female,75,3,2,Sales Executive,2,Single,7696,9823,0,Y,Yes,15,3,2,80,1,27,4,3,6,5,2,1
26,No,Travel_Rarely,799,Research & Development,26,4,Technical Degree,1,1256,3,Male,63,3,1,Healthcare Representative,3,Married,4127,3032,6,Y,No,15,3,1,80,1,6,2,2,1,1,1,1
52,Yes,Travel_Frequently,1191,Sales,1,2,Medical,1,1257,1,Male,97,2,3,Laboratory Technician,2,Divorced,9507,14833,3,Y,Yes,14,4,4,80,0,34,2,3,2,0,0,1
41,Yes,Travel_Rarely,732,Research & Development,11,4,Marketing,1,1258,3,Female,55,2,1,Sales Representative,2,Married,4939,7417,1,Y,Yes,11,3,2,80,0,22,2,3,1,0,0,1
31,No,Travel_Rarely,1476,Sales,5,3,Life Sciences,1,1259,3,Female,82,3,1,Sales Representative,4,Married,5332,15027,2,Y,No,14,4,2,80,2,11,3,3,3,1,1,2
36,No,Travel_Rarely,511,Research & Development,7,5,Technical Degree,1,1260,4,Male,48,3,3,Sales Executive,2,Married,8939,5600,3,Y,Yes,17,3,4,80,3,15,5,3,15,4,1,1
42,No,Travel_Frequently,231,Sales,8,3,Marketing,1,1261,1,Female,66,3,1,Manager,4,Married,6475,12800,4,Y,Yes,12,3,1,80,0,24,1,3,3,1,1,3
38,No,Travel_Rarely,703,Research & Development,6,3,Life Sciences,1,1262,3,Male,69,3,1,Sales Executive,2,Married,5093,16985,6,Y,No,14,3,4,80,1,19,0,3,6,4,3,2
42,No,Travel_Rarely,859,Research & Development,14,2,Life Sciences,1,1263,1,Male,53,4,1,Research Scientist,3,Single,4690,3638,1,Y,No,12,3,1,80,2,22,4,3,4,1,1,3
29,Yes,Travel_Rarely,590,Research & Development,25,1,Life Sciences,1,1264,1,Male,63,3,3,Laboratory Technician,2,Single,7741,12025,1,Y,Yes,17,3,4,80,1,10,2,3,4,2,0,0
39,No,Travel_Rarely,440,Research & Development,2,3,Other,1,1265,3,Male,50,3,3,Sales Executive,4,Divorced,9822,9628,3,Y,No,11,3,3,80,1,20,2,3,20,12,0,1
24,No,Travel_Rarely,1041,Research & Development,15,2,Life Sciences,1,1266,2,Male,30,4,1,Healthcare Representative,4,Divorced,2760,8080,1,Y,No,17,4,1,80,0,3,1,3,2,1,1,2
36,No,Travel_Rarely,629,Sales,2,3,Medical,1,1267,4,Male,45,4,2,Sales Executive,1,Single,8036,17150,2,Y,Yes,18,3,3,80,1,16,2,3,7,1,1,5
29,No,Travel_Rarely,984,Sales,2,3,Life Sciences,1,1268,3,Male,79,3,1,Sales Executive,1,Divorced,3552,16752,1,Y,No,14,3,4,80,1,8,5,3,4,1,1,4
30,No,Travel_Rarely,1190,Research & Development,29,3,Life Sciences,1,1269,2,Female,84,4,1,Laboratory Technician,4,Married,5384,17802,0,Y,No,13,3,3,80,1,12,5,3,0,0,0,0
48,No,Travel_Rarely,1165,Sales,7,2,Medical,1,1270,3,Male,50,3,2,Healthcare Representative,4,Married,7104,6051,2,Y,No,16,3,4,80,1,29,2,3,5,2,0,3
47,No,Travel_Frequently,626,Sales,2,4,Other,1,1271,1,Female,59,3,3,Sales Representative,3,Married,9004,9210,3,Y,No,20,3,4,80,0,26,5,3,12,1,1,1
42,No,Travel_Rarely,895,Research & Development,9,5,Medical,1,1272,4,Male,33,3,1,Healthcare Representative,3,Divorced,3834,7316,4,Y,No,19,3,2,80,3,21,2,2,1,1,1,1
27,Yes,Travel_Rarely,730,Human Resources,4,2,Technical Degree,1,1273,1,Female,47,3,2,Manufacturing Director,4,Divorced,7803,15555,2,Y,Yes,15,3,4,80,1,9,4,2,1,1,1,1
34,Yes,Travel_Rarely,1319,Research & Development,7,2,Medical,1,1274,1,Male,85,3,2,Research Scientist,1,Single,7180,13577,0,Y,No,12,3,2,80,1,14,2,3,1,1,1,1
48,No,Travel_Frequently,1330,Research & Development,10,5,Life Sciences,1,1275,3,Male,72,3,2,Sales Executive,3,Divorced,8267,10320,1,Y,Yes,14,3,3,80,3,27,4,1,10,0,0,4
38,No,Travel_Rarely,582,Research & Development,19,1,Life Sciences,1,1276,4,Male,44,4,1,Sales Executive,3,Single,4926,21670,4,Y,No,11,3,2,80,2,19,2,3,9,3,3,5
58,No,Travel_Rarely,230,Sales,1,5,Medical,1,1277,4,Male,48,3,2,Laboratory Technician,4,Married,7975,4434,1,Y,Yes,13,3,3,80,2,39,2,2,6,0,0,4
41,No,Travel_Frequently,336,Research & Development,3,1,Other,1,1278,2,Male,87,3,1,Manufacturing Director,1,Married,6181,26374,3,Y,Yes,16,3,1,80,1,22,5,3,4,3,3,4
39,No,Travel_Rarely,615,Research & Development,2,4,Technical Degree,1,1279,2,Female,45,1,3,Research Scientist,3,Married,8038,4997,2,Y,Yes,14,4,2,80,1,20,2,2,15,3,0,10
34,No,Travel_Rarely,890,Human Resources,2,3,Life Sciences,1,1280,3,Female,53,4,3,Healthcare Representative,3,Single,8306,21347,1,Y,Yes,13,3,3,80,0,13,6,3,10,1,1,3
38,No,Travel_Frequently,1020,Sales,27,5,Life Sciences,1,1281,4,Female,77,3,3,Laboratory Technician,4,Divorced,7919,11265,4,Y,No,15,3,3,80,0,19,1,3,12,5,1,3
36,No,Travel_Rarely,565,Research & Development,26,3,Life Sciences,1,1282,2,Female,69,3,1,Sales Executive,3,Single,5099,23643,0,Y,No,14,4,3,80,1,15,0,3,12,7,3,6
43,No,Travel_Frequently,1034,Sales,13,4,Other,1,1283,3,Male,62,3,3,Sales Executive,4,Single,7706,3941,2,Y,No,17,3,3,80,1,23,4,3,7,5,2,3
46,No,Travel_Frequently,1412,Sales,10,2,Technical Degree,1,1284,1,Male,93,3,2,Manager,4,Married,6576,11426,1,Y,No,11,3,2,80,0,27,3,3,4,1,1,4
30,No,Non-Travel,1013,Sales,18,3,Marketing,1,1285,1,Male,45,4,3,Healthcare Representative,3,Married,7512,10448,0,Y,Yes,17,3,4,80,3,10,2,1,10,3,3,1
25,No,Travel_Rarely,324,Human Resources,2,4,Life Sciences,1,1286,3,Male,82,3,3,Sales Representative,1,Divorced,8212,26829,2,Y,Yes,15,4,3,80,1,4,1,2,4,4,1,1
20,No,Travel_Rarely,912,Research & Development,2,3,Medical,1,1287,1,Male,41,3,1,Sales Executive,3,Married,3535,26639,2,Y,No,16,3,2,80,1,2,3,2,0,0,0,0
42,Yes,Travel_Rarely,859,Research & Development,4,5,Medical,1,1288,2,Male,73,2,2,Human Resources,4,Single,8147,6821,3,Y,No,11,3,3,80,0,22,2,2,0,0,0,0
27,No,Travel_Rarely,1318,Research & Development,17,3,Life Sciences,1,1289,2,Male,91,4,2,Sales Executive,1,Divorced,7441,17783,3,Y,Yes,18,3,4,80,0,8,2,2,8,0,0,2
18,No,Travel_Rarely,591,Sales,7,4,Medical,1,1290,3,Male,62,4,2,Sales Executive,3,Married,5353,15431,3,Y,No,17,3,1,80,2,0,3,3,0,0,0,0
40,No,Travel_Rarely,693,Sales,7,3,Life Sciences,1,1291,1,Female,81,3,3,Human Resources,1,Single,7817,5939,1,Y,No,20,3,2,80,0,20,3,2,14,4,1,3
59,No,Travel_Rarely,938,Sales,3,5,Life Sciences,1,1292,3,Female,87,3,2,Research Scientist,1,Married,9413,6273,2,Y,Yes,13,3,4,80,1,38,5,4,3,3,3,3
37,No,Travel_Rarely,835,Research & Development,10,5,Human Resources,1,1293,4,Male,40,3,1,Manufacturing Director,3,Married,3847,26731,2,Y,No,13,3,3,80,1,16,3,3,1,1,1,1
45,No,Travel_Rarely,1106,Research & Development,21,3,Marketing,1,1294,1,Female,79,3,1,Sales Executive,3,Married,4997,13369,1,Y,No,11,3,3,80,1,24,2,4,1,1,0,1
38,No,Travel_Frequently,158,Research & Development,5,5,Medical,1,1295,3,Female,94,3,2,Laboratory Technician,3,Married,5679,5227,2,Y,Yes,13,3,4,80,1,18,2,1,1,0,0,1
36,No,Travel_Frequently,889,Sales,10,4,Medical,1,1296,4,Male,70,3,2,Sales Representative,4,Divorced,7571,7443,7,Y,No,19,3,1,80,0,15,2,3,2,1,1,2
45,No,Non-Travel,272,Sales,5,2,Life Sciences,1,1297,2,Male,43,1,1,Research Scientist,1,Divorced,6258,8777,1,Y,No,16,3,3,80,0,25,2,3,5,5,3,1
34,No,Travel_Rarely,542,Sales,15,4,Marketing,1,1298,1,Male,39,4,2,Manufacturing Director,1,Married,8095,14818,6,Y,Yes,13,3,2,80,1,15,2,4,8,1,1,2
39,No,Non-Travel,1026,Research & Development,7,2,Marketing,1,1299,1,Female,48,3,2,Sales Executive,4,Single,6847,10451,0,Y,No,15,3,1,80,1,20,4,3,20,3,1,3
40,No,Travel_Frequently,322,Research & Development,5,4,Marketing,1,1300,3,Female,37,4,2,Manufacturing Director,3,Divorced,6541,13426,1,Y,No,15,3,2,80,0,20,4,3,4,2,2,3
31,No,Travel_Rarely,533,Research & Development,6,2,Marketing,1,1301,3,Male,66,3,2,Research Scientist,2,Married,6060,6241,1,Y,Yes,11,3,3,80,0,11,3,2,5,0,0,5
46,No,Travel_Rarely,1084,Research & Development,2,2,Life Sciences,1,1302,2,Male,35,3,2,Sales Executive,4,Married,6774,10231,2,Y,Yes,11,3,1,80,0,28,3,2,5,1,1,5
35,No,Travel_Rarely,1011,Research & Development,19,3,Life Sciences,1,1303,4,Male,46,2,1,Research Scientist,4,Married,6063,3845,0,Y,No,18,3,3,80,1,14,2,2,5,2,2,5
30,No,Travel_Rarely,229,Research & Development,29,3,Medical,1,1304,4,Male,61,4,2,Sales Executive,3,Divorced,9181,24252,5,Y,Yes,17,4,4,80,0,11,3,4,5,5,2,3
42,No,Travel_Rarely,908,Sales,7,4,Life Sciences,1,1305,2,Male,63,3,1,Sales Representative,4,Married,5061,7044,4,Y,No,11,3,4,80,0,23,4,2,0,0,0,0
29,No,Travel_Rarely,308,Research & Development,3,5,Marketing,1,1306,4,Female,70,2,1,Research Scientist,2,Single,5154,20945,3,Y,Yes,15,3,2,80,1,11,3,2,0,0,0,0
37,No,Travel_Frequently,454,Research & Development,11,3,Life Sciences,1,1307,2,Female,79,1,3,Research Scientist,2,Married,8636,10800,2,Y,No,13,3,1,80,0,17,0,4,1,1,1,1
37,Yes,Travel_Rarely,744,Sales,6,2,Life Sciences,1,1308,3,Female,33,3,1,Laboratory Technician,4,Divorced,5513,13909,7,Y,Yes,18,3,3,80,1,17,3,2,1,1,1,1
47,No,Travel_Rarely,255,Research & Development,4,4,Life Sciences,1,1309,1,Female,36,3,1,Research Scientist,3,Single,6968,9348,4,Y,No,16,3,3,80,0,29,3,3,9,0,0,1
41,No,Travel_Frequently,1490,Research & Development,1,3,Other,1,1310,3,Female,34,2,2,Healthcare Representative,2,Divorced,6286,19439,2,Y,No,12,3,4,80,3,20,1,3,2,2,1,0
37,No,Travel_Rarely,333,Research & Development,21,3,Life Sciences,1,1311,2,Male,60,3,2,Human Resources,3,Married,6577,23127,3,Y,Yes,15,4,4,80,0,17,1,1,16,0,0,1
44,No,Non-Travel,1193,Research & Development,15,3,Medical,1,1312,3,Female,33,3,1,Laboratory Technician,3,Married,6683,9224,2,Y,No,15,4,3,80,0,24,4,1,18,1,1,0
50,No,Travel_Rarely,1261,Research & Development,17,3,Medical,1,1313,2,Male,82,3,4,Sales Representative,2,Single,11927,8126,2,Y,Yes,15,3,1,80,3,29,3,3,26,2,1,4
42,No,Non-Travel,1491,Research & Development,6,3,Life Sciences,1,1314,3,Female,46,4,4,Laboratory Technician,3,Single,11142,19065,1,Y,Yes,13,3,4,80,0,21,4,4,20,2,1,2
37,Yes,Travel_Rarely,701,Sales,14,4,Medical,1,1315,1,Male,96,3,1,Sales Executive,1,Divorced,5728,6954,2,Y,No,15,3,4,80,1,19,1,3,2,0,0,1
25,No,Travel_Rarely,1323,Sales,9,3,Marketing,1,1316,2,Female,64,4,1,Healthcare Representative,2,Single,4846,18029,0,Y,Yes,12,3,3,80,0,7,0,3,5,3,0,4
27,No,Travel_Rarely,1440,Sales,5,4,Medical,1,1317,2,Male,61,2,1,Laboratory Technician,3,Married,5446,4446,1,Y,No,11,3,3,80,0,9,1,3,1,1,1,1
34,No,Travel_Rarely,344,Sales,18,3,Technical Degree,1,1318,1,Male,85,3,2,Manufacturing Director,1,Married,7323,17539,3,Y,Yes,11,3,3,80,1,14,2,3,11,0,0,11
32,No,Travel_Frequently,772,Research & Development,29,3,Life Sciences,1,1319,4,Male,80,2,4,Sales Representative,2,Single,10279,14880,8,Y,Yes,12,3,4,80,3,14,2,3,14,9,1,3
35,No,Travel_Rarely,186,Research & Development,22,4,Life Sciences,1,1320,4,Male,73,3,2,Laboratory Technician,4,Single,7082,4931,8,Y,No,16,3,2,80,0,15,4,3,13,0,0,2
38,No,Non-Travel,969,Sales,14,3,Other,1,1321,4,Female,95,4,2,Sales Representative,3,Married,7066,18260,2,Y,Yes,16,4,4,80,1,19,3,2,4,4,3,1
42,No,Travel_Rarely,914,Research & Development,13,2,Life Sciences,1,1322,4,Female,60,4,3,Healthcare Representative,3,Divorced,8483,13216,2,Y,No,19,3,1,80,1,21,6,3,10,0,0,1
36,Yes,Travel_Rarely,387,Sales,10,4,Medical,1,1323,1,Male,87,3,2,Laboratory Technician,2,Married,6759,7501,1,Y,Yes,14,3,4,80,0,15,1,3,1,1,1,1
41,Yes,Travel_Frequently,1217,Sales,18,3,Technical Degree,1,1324,1,Male,57,3,1,Manufacturing Director,2,Married,5469,10895,3,Y,Yes,17,3,3,80,1,22,1,2,0,0,0,0
38,No,Travel_Rarely,154,Sales,7,4,Life Sciences,1,1325,3,Male,89,3,2,Research Scientist,3,Married,5842,14350,0,Y,No,15,4,2,80,0,20,1,3,10,4,3,10
19,Yes,Travel_Rarely,1228,Research & Development,3,3,Marketing,1,1326,4,Male,48,3,1,Human Resources,1,Married,4420,4374,1,Y,No,16,4,1,80,0,0,2,3,0,0,0,0
29,No,Non-Travel,139,Sales,14,4,Life Sciences,1,1327,3,Male,50,1,2,Manufacturing Director,3,Married,7076,25943,3,Y,No,17,3,3,80,0,9,2,3,9,4,4,1
36,No,Non-Travel,1020,Research & Development,24,2,Life Sciences,1,1328,2,Female,77,3,2,Sales Executive,3,Divorced,7315,18670,1,Y,No,17,4,2,80,2,16,3,3,1,1,0,1
26,Yes,Non-Travel,212,Research & Development,5,3,Life Sciences,1,1329,1,Male,45,3,3,Research Scientist,3,Married,8508,4648,0,Y,Yes,15,3,3,80,0,5,1,3,5,0,0,4
42,Yes,Non-Travel,453,Human Resources,15,5,Technical Degree,1,1330,1,Male,46,3,1,Manufacturing Director,1,Married,5579,22587,4,Y,Yes,13,3,2,80,1,24,1,3,5,4,1,1
51,No,Travel_Rarely,1111,Sales,4,4,Life Sciences,1,1331,2,Male,51,2,2,Sales Executive,1,Single,7669,10127,1,Y,No,16,3,1,80,0,31,2,3,12,0,0,2
48,No,Travel_Frequently,494,Sales,27,2,Marketing,1,1332,3,Male,78,3,3,Sales Executive,4,Divorced,10399,16957,0,Y,No,19,3,3,80,0,28,2,3,12,8,0,0
35,No,Travel_Rarely,816,Sales,11,3,Other,1,1333,1,Male,92,3,3,Laboratory Technician,4,Single,7753,8996,0,Y,No,16,3,3,80,1,15,4,3,15,0,0,2
50,No,Non-Travel,1381,Research & Development,9,3,Medical,1,1334,4,Female,77,2,3,Research Scientist,3,Single,9005,20359,1,Y,No,14,3,3,80,1,31,4,3,2,2,2,0
38,No,Travel_Rarely,171,Sales,15,4,Medical,1,1335,4,Male,88,3,3,Laboratory Technician,4,Married,9199,20101,0,Y,No,17,3,3,80,0,18,1,3,18,4,4,2
34,No,Travel_Rarely,1235,Research & Development,16,4,Medical,1,1336,4,Male,68,3,1,Research Scientist,3,Married,5337,15843,4,Y,No,11,3,3,80,0,15,4,2,1,1,1,0
31,Yes,Travel_Rarely,193,Research & Development,21,4,Life Sciences,1,1337,4,Male,35,3,2,Sales Executive,1,Married,7224,8094,1,Y,Yes,14,3,3,80,3,11,3,3,1,1,1,1
34,No,Travel_Rarely,279,Research & Development,22,3,Medical,1,1338,1,Male,37,3,2,Manufacturing Director,2,Married,5352,8412,4,Y,No,12,3,1,80,0,14,2,3,4,4,1,3
34,No,Travel_Rarely,269,Research & Development,1,4,Medical,1,1339,4,Male,69,3,3,Laboratory Technician,2,Divorced,8442,11629,0,Y,No,15,3,2,80,1,14,1,3,12,5,5,4
39,No,Travel_Frequently,1491,Sales,2,3,Other,1,1340,2,Female,53,3,1,Sales Executive,3,Single,4496,5706,2,Y,No,19,3,1,80,1,20,3,3,4,4,1,2
38,No,Travel_Frequently,354,Sales,17,2,Other,1,1341,4,Female,45,4,3,Research Scientist,3,Divorced,9524,10503,3,Y,No,17,3,4,80,1,18,0,3,12,1,1,1
37,No,Travel_Rarely,1355,Research & Development,27,3,Technical Degree,1,1342,2,Male,63,3,1,Laboratory Technician,4,Married,6387,19138,3,Y,Yes,11,4,3,80,3,19,2,1,9,2,0,0
41,No,Travel_Frequently,1486,Research & Development,4,5,Human Resources,1,1343,3,Male,77,4,1,Sales Executive,4,Married,5884,22786,2,Y,No,13,3,3,80,1,21,1,3,2,1,1,2
48,No,Travel_Rarely,638,Sales,1,4,Medical,1,1344,1,Male,57,3,1,Sales Executive,4,Married,5674,10377,6,Y,Yes,11,3,4,80,0,29,2,3,21,1,1,2
46,No,Travel_Rarely,984,Sales,5,3,Medical,1,1345,1,Male,86,2,1,Sales Executive,4,Single,5361,7912,1,Y,No,18,3,2,80,0,27,3,3,0,0,0,0
24,No,Travel_Rarely,1190,Human Resources,5,4,Human Resources,1,1346,4,Female,82,3,2,Manager,4,Married,5751,22831,2,Y,No,13,4,3,80,0,6,4,3,6,1,1,4
18,Yes,Travel_Frequently,651,Sales,14,5,Life Sciences,1,1347,4,Female,81,3,1,Healthcare Representative,2,Married,3127,24277,5,Y,Yes,15,3,1,80,0,0,3,2,0,0,0,0
45,No,Travel_Rarely,328,Research & Development,1,3,Other,1,1348,3,Male,99,2,1,Healthcare Representative,2,Married,5833,12306,0,Y,No,15,4,4,80,3,27,5,3,5,2,0,4
25,No,Travel_Rarely,708,Research & Development,3,3,Medical,1,1349,3,Male,51,2,3,Healthcare Representative,3,Married,7359,2764,0,Y,No,16,3,4,80,0,7,3,3,4,4,3,0
35,No,Travel_Rarely,1180,Sales,21,5,Medical,1,1350,4,Male,75,2,1,Manufacturing Director,3,Divorced,3975,19402,1,Y,No,11,4,4,80,1,16,2,3,1,1,1,1
26,No,Travel_Rarely,1193,Sales,3,4,Marketing,1,1351,2,Female,90,3,3,Laboratory Technician,2,Married,8185,21620,3,Y,Yes,16,3,4,80,1,6,2,3,3,3,0,0
21,No,Travel_Rarely,424,Sales,14,3,Other,1,1352,4,Female,71,3,2,Manufacturing Director,4,Divorced,6046,2543,1,Y,No,13,4,4,80,2,1,2,3,1,1,0,1
42,No,Travel_Rarely,346,Research & Development,5,3,Life Sciences,1,1353,3,Male,85,4,1,Sales Executive,4,Married,6840,16913,1,Y,No,18,3,4,80,1,21,3,3,2,2,0,1
44,No,Travel_Rarely,1388,Research & Development,11,3,Marketing,1,1354,3,Male,59,3,3,Manufacturing Director,3,Single,8893,16747,2,Y,No,16,4,2,80,1,23,3,3,1,1,1,0
32,No,Travel_Rarely,163,Research & Development,2,2,Medical,1,1355,4,Female,71,3,1,Healthcare Representative,3,Single,3168,11526,2,Y,Yes,17,3,2,80,0,11,3,2,5,0,0,5
18,Yes,Non-Travel,1128,Research & Development,4,5,Life Sciences,1,1356,3,Male,34,2,1,Laboratory Technician,4,Married,4452,20767,1,Y,No,13,3,4,80,1,0,1,2,0,0,0,0
32,No,Travel_Rarely,167,Research & Development,6,3,Marketing,1,1357,3,Male,99,3,3,Research Scientist,1,Single,9262,12758,1,Y,No,12,3,4,80,0,14,3,2,6,0,0,1
41,No,Travel_Rarely,1273,Sales,19,4,Medical,1,1358,4,Male,86,4,3,Research Scientist,1,Single,10154,18949,2,Y,No,18,3,3,80,2,23,1,4,16,2,2,0
24,No,Travel_Rarely,1367,Sales,8,2,Medical,1,1359,4,Female,91,1,3,Manufacturing Director,4,Divorced,8897,14973,7,Y,No,17,3,3,80,0,4,0,3,4,4,2,2
39,No,Travel_Frequently,517,Research & Development,1,3,Life Sciences,1,1360,4,Male,79,4,3,Healthcare Representative,4,Divorced,10268,8282,3,Y,Yes,16,3,4,80,0,21,2,2,8,1,1,8
37,No,Travel_Frequently,205,Sales,16,1,Medical,1,1361,3,Male,43,3,3,Sales Representative,3,Married,7979,17199,4,Y,No,16,3,2,80,1,17,3,3,8,1,1,3
42,No,Travel_Frequently,774,Sales,2,4,Medical,1,1362,2,Female,32,3,1,Research Scientist,4,Single,6798,20447,1,Y,No,16,4,1,80,1,22,0,4,4,4,1,4
38,No,Travel_Rarely,519,Research & Development,26,3,Life Sciences,1,1363,2,Male,91,3,2,Healthcare Representative,2,Single,6778,26349,1,Y,No,11,3,3,80,1,18,2,3,8,5,1,0
28,Yes,Travel_Frequently,685,Research & Development,3,4,Life Sciences,1,1364,1,Male,58,3,1,Laboratory Technician,3,Single,5079,11561,2,Y,Yes,18,3,1,80,0,8,2,3,1,1,1,1
48,No,Travel_Rarely,1031,Research & Development,7,2,Other,1,1365,3,Male,48,4,2,Sales Representative,3,Married,8128,3700,4,Y,Yes,15,4,3,80,0,29,0,2,14,1,1,5
36,Yes,Travel_Rarely,395,Research & Development,2,2,Medical,1,1366,2,Male,69,3,1,Laboratory Technician,1,Divorced,4302,26699,2,Y,Yes,15,3,4,80,0,16,3,2,11,0,0,2
37,No,Travel_Rarely,601,Sales,8,2,Marketing,1,1367,3,Female,59,3,1,Laboratory Technician,2,Married,6248,17630,5,Y,Yes,14,3,2,80,1,19,2,3,2,0,0,0
29,No,Travel_Rarely,1195,Research & Development,7,3,Medical,1,1368,4,Male,76,3,3,Laboratory Technician,4,Single,7915,25665,9,Y,No,11,4,4,80,1,11,4,3,10,0,0,3
33,No,Non-Travel,1001,Sales,6,4,Life Sciences,1,1369,4,Male,64,3,1,Healthcare Representative,1,Married,6487,4680,0,Y,Yes,17,3,4,80,0,15,2,3,0,0,0,0
29,Yes,Travel_Frequently,558,Research & Development,1,3,Life Sciences,1,1370,1,Male,79,4,1,Research Director,1,Married,4069,10612,0,Y,No,12,3,4,80,1,11,2,2,2,2,1,2
35,No,Travel_Rarely,1030,Research & Development,20,4,Life Sciences,1,1371,2,Female,90,4,1,Sales Executive,3,Married,4276,5430,0,Y,No,15,4,4,80,0,16,4,4,0,0,0,0
52,No,Travel_Rarely,1171,Sales,16,3,Medical,1,1372,4,Female,44,3,3,Sales Executive,1,Married,9350,22902,1,Y,Yes,13,4,3,80,3,31,4,3,11,0,0,4
25,No,Travel_Rarely,930,Research & Development,10,3,Medical,1,1373,3,Male,53,3,1,Research Director,4,Married,5316,24019,0,Y,No,14,3,3,80,0,4,4,2,4,1,1,3
22,No,Travel_Rarely,437,Sales,9,3,Medical,1,1374,4,Male,61,4,3,Laboratory Technician,1,Single,6306,14579,5,Y,No,14,3,4,80,1,2,1,2,2,2,1,1
50,No,Travel_Rarely,102,Research & Development,12,2,Life Sciences,1,1375,4,Female,97,2,1,Manufacturing Director,3,Single,6930,6741,0,Y,No,12,3,3,80,1,30,0,3,0,0,0,0
35,No,Non-Travel,1224,Research & Development,2,4,Medical,1,1376,3,Male,56,3,1,Laboratory Technician,2,Divorced,6626,5260,1,Y,No,14,3,3,80,0,17,3,3,5,2,2,4
31,No,Non-Travel,1251,Research & Development,25,4,Life Sciences,1,1377,2,Female,57,3,3,Sales Executive,4,Single,8304,16742,1,Y,No,14,3,3,80,0,13,2,3,9,1,1,9
46,No,Travel_Rarely,1077,Research & Development,4,2,Life Sciences,1,1378,3,Female,76,3,2,Healthcare Representative,3,Single,7286,14705,7,Y,Yes,12,3,3,80,0,25,4,2,1,1,1,0
32,No,Travel_Frequently,209,Sales,11,2,Other,1,1379,3,Female,59,3,2,Healthcare Representative,2,Single,6544,19398,3,Y,Yes,19,3,4,80,0,11,2,4,7,0,0,2
53,No,Travel_Rarely,920,Research & Development,9,4,Medical,1,1380,2,Male,97,3,1,Research Scientist,4,Single,5702,9695,6,Y,No,13,3,3,80,1,35,2,3,1,1,1,1
43,Yes,Travel_Rarely,1249,Research & Development,10,4,Medical,1,1381,4,Male,93,3,1,Research Scientist,1,Married,7759,12115,9,Y,No,17,3,4,80,0,23,2,2,1,1,1,1
33,No,Travel_Rarely,646,Sales,20,4,Life Sciences,1,1382,4,Female,66,2,1,Manager,3,Divorced,5456,2626,2,Y,No,17,4,3,80,0,14,4,3,5,5,0,2
56,No,Travel_Rarely,379,Research & Development,4,3,Human Resources,1,1383,2,Male,75,2,1,Sales Executive,4,Married,5784,17290,1,Y,Yes,18,4,3,80,0,37,2,3,7,3,2,3
32,No,Travel_Frequently,923,Research & Development,13,3,Medical,1,1384,4,Male,34,2,1,Sales Representative,4,Married,4034,12632,1,Y,Yes,13,3,1,80,0,11,5,3,1,1,1,0
44,No,Travel_Rarely,1256,Sales,9,5,Marketing,1,1385,3,Female,79,1,1,Research Scientist,4,Married,5783,25001,1,Y,No,14,3,4,80,0,23,2,3,1,1,0,1
40,No,Travel_Rarely,170,Research & Development,2,4,Life Sciences,1,1386,4,Female,80,3,1,Laboratory Technician,1,Married,4284,18078,3,Y,Yes,14,3,1,80,0,19,4,3,2,0,0,2
49,Yes,Travel_Rarely,936,Sales,6,3,Other,1,1387,1,Male,55,3,2,Research Director,1,Divorced,6797,12023,0,Y,No,17,3,4,80,1,30,2,3,2,2,2,2
51,Yes,Non-Travel,1001,Research & Development,17,4,Technical Degree,1,1388,2,Male,45,2,1,Manufacturing Director,1,Divorced,6595,8659,0,Y,No,14,3,4,80,1,32,3,3,2,0,0,1
37,No,Travel_Rarely,944,Sales,4,4,Technical Degree,1,1389,2,Male,94,3,2,Research Scientist,4,Single,7925,24640,2,Y,No,16,3,3,80,3,19,0,3,4,3,3,3
30,No,Travel_Frequently,1010,Human Resources,7,3,Life Sciences,1,1390,2,Female,60,3,1,Manufacturing Director,4,Married,5332,2499,3,Y,Yes,14,3,4,80,0,10,4,3,7,1,1,2
41,Yes,Travel_Frequently,984,Research & Development,7,3,Life Sciences,1,1391,2,Female,76,2,2,Research Scientist,2,Married,7152,10236,3,Y,Yes,18,3,3,80,0,20,2,3,4,1,1,1
31,No,Travel_Rarely,284,Research & Development,10,2,Life Sciences,1,1392,4,Male,32,3,4,Research Scientist,2,Divorced,10020,25592,1,Y,No,15,3,1,80,0,13,2,3,10,3,0,3
55,No,Travel_Rarely,430,Research & Development,20,2,Life Sciences,1,1393,3,Male,59,3,1,Human Resources,1,Married,6721,18383,4,Y,No,15,3,3,80,1,36,1,4,9,2,1,5
38,Yes,Travel_Frequently,967,Research & Development,3,4,Technical Degree,1,1394,4,Female,87,1,1,Healthcare Representative,2,Divorced,6194,15361,2,Y,Yes,16,3,2,80,1,20,3,3,1,1,0,0
34,No,Travel_Rarely,127,Research & Development,7,3,Life Sciences,1,1395,3,Male,57,2,1,Manufacturing Director,2,Married,3995,7163,0,Y,No,20,3,3,80,0,15,1,2,0,0,0,0
39,No,Non-Travel,989,Sales,6,4,Life Sciences,1,1396,1,Male,72,4,4,Research Scientist,4,Single,10098,22849,4,Y,No,13,3,3,80,2,19,2,1,15,1,0,5
25,No,Travel_Rarely,1032,Research & Development,4,5,Life Sciences,1,1397,3,Female,45,3,1,Sales Executive,4,Married,3978,7180,8,Y,Yes,18,3,4,80,1,6,1,3,1,1,1,1
28,No,Travel_Rarely,436,Research & Development,24,2,Life Sciences,1,1398,4,Male,59,3,2,Sales Executive,4,Divorced,6206,8277,0,Y,No,13,3,3,80,3,10,0,3,1,1,1,1
48,No,Travel_Frequently,938,Research & Development,1,3,Life Sciences,1,1399,3,Female,95,3,1,Laboratory Technician,3,Divorced,5996,6872,1,Y,No,15,4,3,80,0,28,3,3,0,0,0,0
31,No,Travel_Frequently,848,Research & Development,2,4,Technical Degree,1,1400,1,Male,70,4,2,Healthcare Representative,4,Single,6540,6033,2,Y,No,13,3,2,80,0,12,2,3,7,1,1,4
28,No,Non-Travel,466,Research & Development,13,4,Medical,1,1401,4,Male,93,4,1,Laboratory Technician,4,Married,4899,25836,0,Y,No,14,3,3,80,0,7,1,4,6,5,5,1
42,No,Travel_Rarely,749,Research & Development,4,4,Life Sciences,1,1402,2,Female,93,3,4,Manager,3,Married,9630,17088,5,Y,No,13,4,2,80,0,23,2,3,23,1,1,7
48,No,Non-Travel,1373,Research & Development,13,3,Medical,1,1403,3,Male,96,3,3,Sales Executive,2,Single,8359,17979,1,Y,No,17,3,2,80,3,28,2,2,15,1,1,1
43,No,Travel_Frequently,698,Sales,17,3,Life Sciences,1,1404,3,Female,93,3,1,Research Scientist,2,Married,5268,25861,4,Y,Yes,14,3,4,80,0,25,2,3,4,1,1,1
46,No,Travel_Frequently,982,Research & Development,4,3,Life Sciences,1,1405,2,Male,30,1,3,Research Scientist,3,Single,10171,7836,3,Y,No,17,3,2,80,1,26,2,3,3,3,1,2
30,No,Travel_Rarely,151,Research & Development,3,5,Medical,1,1406,2,Male,95,4,3,Laboratory Technician,4,Divorced,7838,2241,2,Y,Yes,13,3,1,80,0,12,2,4,2,0,0,1
24,No,Travel_Rarely,211,Research & Development,2,3,Marketing,1,1407,4,Male,40,3,2,Sales Executive,3,Married,5967,17009,1,Y,No,15,3,2,80,0,5,2,4,1,0,0,1
51,No,Non-Travel,216,Research & Development,3,5,Marketing,1,1408,4,Male,33,3,2,Research Director,4,Divorced,8263,14742,1,Y,No,19,3,3,80,0,32,4,3,1,1,1,1
34,No,Travel_Rarely,1189,Sales,4,3,Marketing,1,1409,3,Male,34,4,1,Research Scientist,1,Single,5173,13990,0,Y,No,13,4,4,80,0,14,0,3,1,1,1,1
35,No,Travel_Rarely,591,Research & Development,19,5,Life Sciences,1,1410,2,Male,54,2,1,Research Director,4,Single,6172,3635,1,Y,Yes,13,3,4,80,1,14,4,1,1,1,1,1
49,No,Travel_Rarely,420,Research & Development,14,4,Other,1,1411,1,Male,73,1,1,Laboratory Technician,4,Single,6756,13412,1,Y,No,14,4,4,80,3,30,2,3,2,2,2,1
42,No,Travel_Rarely,1146,Sales,1,3,Technical Degree,1,1412,1,Male,58,3,1,Human Resources,3,Single,6278,9256,4,Y,No,15,4,3,80,1,21,3,3,3,2,0,1
41,No,Travel_Rarely,339,Research & Development,20,4,Human Resources,1,1413,3,Female,32,3,3,Laboratory Technician,4,Single,8899,8932,1,Y,No,17,4,2,80,1,20,2,4,20,0,0,2
56,Yes,Travel_Rarely,446,Sales,2,3,Life Sciences,1,1414,2,Female,63,3,1,Research Director,3,Single,7859,7632,4,Y,Yes,15,3,1,80,0,36,2,1,6,0,0,2
31,Yes,Travel_Frequently,704,Research & Development,11,3,Other,1,1415,1,Female,61,1,4,Sales Executive,2,Married,10217,10376,1,Y,Yes,16,3,3,80,2,12,3,3,12,5,1,4
45,No,Travel_Rarely,565,Sales,2,2,Technical Degree,1,1416,3,Male,83,3,2,Healthcare Representative,2,Single,5956,10889,4,Y,Yes,12,3,3,80,0,24,3,4,3,3,0,0
38,No,Travel_Rarely,920,Research & Development,2,2,Technical Degree,1,1417,4,Male,50,2,1,Sales Representative,3,Married,7287,9784,9,Y,No,16,3,3,80,2,19,2,3,4,1,1,1
39,No,Travel_Rarely,574,Research & Development,14,3,Life Sciences,1,1418,4,Female,45,3,1,Sales Executive,4,Married,5517,26470,1,Y,No,16,4,2,80,1,21,2,2,3,0,0,1
51,Yes,Travel_Rarely,651,Research & Development,7,4,Marketing,1,1419,3,Male,48,2,1,Sales Executive,1,Divorced,6624,25324,5,Y,Yes,17,3,2,80,0,30,0,3,1,0,0,1
42,No,Travel_Rarely,1307,Research & Development,9,3,Other,1,1420,3,Male,51,3,2,Laboratory Technician,3,Divorced,6505,16402,2,Y,No,14,3,2,80,0,22,5,3,1,1,1,1
42,No,Travel_Rarely,1338,Research & Development,6,2,Medical,1,1421,2,Female,72,3,3,Research Director,4,Married,10918,26527,4,Y,No,15,4,4,80,3,22,4,3,20,4,0,5
47,No,Travel_Rarely,1258,Sales,2,4,Medical,1,1422,3,Female,63,4,4,Laboratory Technician,1,Married,10645,26780,3,Y,Yes,17,3,2,80,0,26,2,4,26,1,1,1
34,Yes,Non-Travel,1310,Sales,13,3,Other,1,1423,3,Male,54,3,1,Laboratory Technician,1,Single,4692,10959,1,Y,Yes,12,3,3,80,0,15,3,2,0,0,0,0
29,No,Travel_Rarely,898,Research & Development,16,5,Medical,1,1424,3,Male,56,3,1,Sales Executive,2,Divorced,3457,13181,1,Y,No,11,3,1,80,0,11,2,4,1,1,1,1
28,No,Travel_Rarely,1005,Sales,1,4,Medical,1,1425,3,Female,56,3,2,Sales Executive,2,Single,6692,25979,0,Y,Yes,12,3,3,80,1,10,3,3,4,4,1,1
19,Yes,Travel_Rarely,880,Human Resources,5,2,Medical,1,1426,3,Male,98,3,2,Manager,1,Single,5375,17252,2,Y,Yes,13,3,1,80,0,0,2,3,0,0,0,0
56,No,Travel_Rarely,1199,Research & Development,8,3,Other,1,1427,4,Female,46,4,1,Sales Executive,1,Single,5445,7397,9,Y,Yes,18,3,2,80,1,36,2,3,3,1,1,2
27,No,Travel_Frequently,872,Research & Development,9,4,Life Sciences,1,1428,3,Female,87,4,1,Manufacturing Director,1,Married,4386,19263,3,Y,No,21,4,1,80,3,8,0,2,1,0,0,1
35,No,Travel_Frequently,257,Human Resources,9,1,Medical,1,1429,3,Female,80,4,1,Sales Representative,3,Single,5076,7218,1,Y,Yes,12,3,2,80,3,15,5,2,4,4,1,4
35,No,Travel_Rarely,1233,Sales,12,1,Marketing,1,1430,4,Male,30,3,2,Sales Executive,3,Divorced,6682,10546,4,Y,No,15,3,2,80,0,16,4,4,2,2,1,1
40,Yes,Travel_Rarely,1165,Research & Development,29,2,Technical Degree,1,1431,1,Male,100,2,2,Manufacturing Director,4,Single,5663,7761,4,Y,No,13,3,4,80,1,19,4,2,3,3,1,3
44,Yes,Travel_Rarely,1248,Research & Development,5,3,Medical,1,1432,3,Female,83,3,1,Sales Executive,3,Married,6113,8195,1,Y,Yes,16,3,2,80,0,26,2,1,1,0,0,1
45,No,Travel_Rarely,368,Research & Development,8,3,Human Resources,1,1433,4,Female,78,3,1,Manufacturing Director,4,Single,4706,2210,0,Y,No,16,3,1,80,1,24,2,3,4,1,1,3
32,No,Non-Travel,481,Research & Development,12,3,Other,1,1434,2,Female,58,4,2,Sales Executive,4,Single,7271,24028,0,Y,Yes,12,3,3,80,2,12,3,2,12,1,1,6
35,No,Travel_Rarely,515,Sales,9,2,Life Sciences,1,1435,2,Male,69,4,1,Healthcare Representative,4,Divorced,4716,9466,5,Y,No,13,3,3,80,1,17,4,3,3,2,1,3
40,No,Travel_Frequently,812,Research & Development,5,4,Life Sciences,1,1436,3,Male,48,3,2,Research Scientist,2,Single,8102,4245,5,Y,Yes,15,3,2,80,2,22,5,4,15,1,1,3
35,No,Travel_Rarely,289,Research & Development,10,3,Life Sciences,1,1437,2,Female,32,3,1,Laboratory Technician,4,Divorced,4931,4260,1,Y,Yes,19,3,3,80,2,14,2,3,13,0,0,4
51,No,Travel_Rarely,640,Research & Development,10,3,Life Sciences,1,1438,3,Female,89,1,3,Laboratory Technician,4,Married,10012,15942,1,Y,No,13,3,4,80,0,32,3,3,21,4,2,2
41,No,Travel_Rarely,356,Sales,9,1,Medical,1,1439,1,Female,93,3,2,Sales Executive,2,Single,8461,26823,4,Y,No,11,3,2,80,1,23,3,3,11,1,1,2
44,No,Travel_Rarely,472,Research & Development,3,2,Other,1,1440,3,Female,41,3,1,Healthcare Representative,1,Divorced,5148,5706,7,Y,No,19,3,3,80,0,25,2,2,8,2,2,0
43,No,Travel_Frequently,1089,Research & Development,7,3,Technical Degree,1,1441,3,Male,85,4,2,Research Scientist,3,Single,6483,4575,4,Y,No,16,3,1,80,0,22,2,3,14,0,0,0
48,Yes,Travel_Rarely,1296,Sales,20,2,Life Sciences,1,1442,3,Female,82,4,2,Manufacturing Director,1,Divorced,8205,13010,2,Y,Yes,12,4,1,80,0,27,1,2,1,1,1,1
39,No,Travel_Frequently,134,Research & Development,19,3,Life Sciences,1,1443,3,Female,42,3,1,Sales Executive,2,Single,4349,16124,1,Y,Yes,16,3,4,80,3,20,3,3,4,3,3,0
25,No,Travel_Rarely,893,Research & Development,14,4,Medical,1,1444,2,Male,60,1,1,Manufacturing Director,3,Divorced,3481,9426,2,Y,No,17,3,2,80,0,4,4,3,4,4,0,1
41,No,Non-Travel,152,Research & Development,12,3,Medical,1,1445,2,Female,60,3,1,Sales Executive,3,Single,4377,9628,1,Y,No,15,4,2,80,1,23,4,4,10,2,2,5
31,No,Travel_Rarely,221,Research & Development,2,3,Life Sciences,1,1446,3,Male,83,3,1,Laboratory Technician,4,Married,5521,12666,4,Y,No,19,3,4,80,1,10,3,3,10,9,3,0
32,No,Travel_Frequently,1087,Sales,7,3,Human Resources,1,1447,2,Male,89,1,3,Research Scientist,3,Married,7478,9918,1,Y,No,17,4,4,80,1,11,2,3,11,7,3,1
42,No,Travel_Frequently,1130,Research & Development,2,4,Other,1,1448,4,Female,37,2,3,Healthcare Representative,3,Divorced,8797,24890,4,Y,No,16,3,3,80,1,24,3,3,15,3,1,3
48,No,Non-Travel,1239,Research & Development,16,4,Life Sciences,1,1449,3,Male,69,4,4,Research Scientist,2,Divorced,10488,3139,1,Y,Yes,16,4,4,80,0,29,4,3,9,8,0,3
37,No,Travel_Rarely,765,Research & Development,4,4,Human Resources,1,1450,2,Male,83,2,1,Sales Representative,3,Divorced,4772,7936,4,Y,No,15,3,4,80,1,16,3,4,10,1,0,5
40,No,Travel_Frequently,1303,Human Resources,14,3,Life Sciences,1,1451,1,Male,85,1,3,Sales Representative,3,Divorced,8966,22231,1,Y,No,18,3,4,80,1,21,2,4,5,1,1,2
52,No,Travel_Rarely,335,Research & Development,16,3,Marketing,1,1452,1,Male,40,3,2,Sales Executive,4,Single,8981,22864,1,Y,Yes,15,4,1,80,1,34,5,1,18,0,0,2
39,No,Travel_Rarely,451,Sales,21,3,Medical,1,1453,3,Male,67,4,2,Manufacturing Director,3,Single,6142,4872,2,Y,Yes,18,4,3,80,0,20,4,3,12,3,2,4
60,No,Travel_Rarely,290,Research & Development,14,4,Life Sciences,1,1454,2,Male,90,3,4,Sales Executive,3,Single,11919,26346,0,Y,No,16,3,2,80,0,40,4,3,13,4,0,2
42,No,Travel_Rarely,1216,Research & Development,8,1,Other,1,1455,1,Female,52,4,1,Research Scientist,3,Married,6698,19362,7,Y,No,15,4,1,80,3,22,4,3,8,4,4,3
21,Yes,Non-Travel,421,Research & Development,9,5,Medical,1,1456,2,Male,60,3,2,Healthcare Representative,4,Married,6513,8883,2,Y,No,14,3,3,80,0,1,2,4,1,0,0,1
44,No,Travel_Rarely,319,Research & Development,4,4,Marketing,1,1457,4,Male,86,3,1,Manufacturing Director,4,Married,5098,13452,2,Y,No,14,3,3,80,0,23,4,3,0,0,0,0
40,No,Travel_Rarely,972,Research & Development,3,4,Life Sciences,1,1458,3,Male,36,4,2,Manufacturing Director,2,Single,7160,9494,5,Y,No,16,3,2,80,0,20,3,2,19,1,1,1
49,No,Travel_Rarely,210,Research & Development,2,1,Life Sciences,1,1459,4,Female,90,3,1,Research Scientist,3,Married,7694,5830,5,Y,No,18,3,2,80,0,29,0,3,6,3,3,0
43,No,Travel_Rarely,165,Sales,3,3,Life Sciences,1,1460,1,Male,52,3,1,Research Scientist,4,Single,4685,9346,2,Y,No,17,3,3,80,0,23,3,3,2,1,1,2
36,No,Travel_Rarely,251,Research & Development,25,3,Medical,1,1461,1,Female,30,3,1,Sales Executive,4,Single,3623,16541,7,Y,No,13,3,3,80,1,17,2,4,1,1,1,0
26,No,Travel_Rarely,102,Research & Development,3,2,Marketing,1,1462,1,Female,46,3,1,Healthcare Representative,3,Married,3931,22665,0,Y,No,11,3,4,80,3,7,2,3,7,1,0,2
35,No,Travel_Rarely,1076,Research & Development,13,3,Life Sciences,1,1463,4,Female,36,4,1,Laboratory Technician,1,Divorced,4933,11148,0,Y,Yes,17,3,4,80,0,15,5,3,13,1,1,5
29,No,Travel_Rarely,887,Research & Development,3,5,Marketing,1,1464,2,Male,36,3,2,Healthcare Representative,2,Married,5838,10758,2,Y,Yes,23,3,4,80,0,11,0,3,11,6,2,2
32,No,Non-Travel,395,Research & Development,29,3,Marketing,1,1465,3,Female,78,3,1,Research Scientist,3,Married,5542,13750,1,Y,No,14,3,3,80,1,12,5,2,7,2,2,1
42,No,Travel_Frequently,428,Research & Development,5,3,Marketing,1,1466,3,Male,45,4,1,Research Scientist,3,Single,5889,18147,2,Y,No,14,3,4,80,0,24,1,3,3,0,0,3
52,No,Non-Travel,1235,Research & Development,6,2,Medical,1,1467,4,Female,95,1,1,Research Scientist,1,Married,5956,20813,1,Y,Yes,17,3,4,80,3,33,2,3,3,2,2,1
41,Yes,Travel_Rarely,803,Research & Development,6,4,Other,1,1468,2,Female,66,3,2,Sales Executive,1,Single,7009,10233,1,Y,Yes,12,3,4,80,0,23,2,3,0,0,0,0
26,No,Travel_Rarely,1078,Research & Development,16,4,Medical,1,1469,3,Male,62,3,1,Research Scientist,3,Married,3763,16697,4,Y,No,19,3,4,80,1,7,3,4,7,7,4,3
41,No,Travel_Rarely,734,Research & Development,3,4,Medical,1,1470,4,Male,60,3,1,Manager,4,Married,6304,11791,2,Y,Yes,16,3,3,80,1,23,2,3,1,1,1,1
